id,label
af511f5d0,98
8d8da7a3e,102
beb9f80e6,103
11ed4fed5,29
c4c67ba42,96
8893d08a2,46
bbd3eba7d,103
bf4c39972,74
c5b5ecb0d,48
cf8ee02e6,52
f3a75828c,25
e00aa2535,0
5681077fa,49
db04d5ac6,103
baf415f07,77
4a349dc90,103
fb78539c2,81
07803a6a2,62
cb3ffeb02,37
0b061eae3,67
d9f3637bf,13
69c31f86a,10
25faa6813,83
b840c68bc,67
02eea69ff,53
c86cce658,103
57d3813ab,14
3f315b0cc,103
dde1f48c9,9
08710eaac,49
bada5fd0d,103
53f3609ad,4
4acd9d511,53
0b3a02b48,102
0b619448f,103
ff889e23b,34
b187b258b,36
b83336a9f,56
88d3afe93,53
bc9873f0c,41
5c597c7e1,79
4a42f34cc,79
a1ae9344f,13
38b394064,56
67873d67d,74
b6a36c182,67
92c7c2838,7
478fd662e,13
187b49cc5,102
4b781211f,70
3d000dd19,0
7457a241f,53
f68529efb,4
e0a576d7f,10
6af290ef5,79
51eb14267,103
45655caf4,80
76809aa23,11
0b624f751,67
584b3a955,67
804f7c7a6,48
3a29db605,99
1691d45e6,59
7fc947bde,45
b2d3bbf61,68
e64bd2b5f,29
473c84ae9,13
caa1dd6ea,50
22bca0aa8,47
ca9c4b1e1,4
06a1a191b,49
94d387cd6,53
065817704,10
5002bff77,103
93cdaddc1,57
22207b7e5,39
c6ce2c1ae,4
c71b3e27d,4
3dba87b2f,102
011d32580,7
bb5147a35,22
5acae87e6,0
1289609e3,102
f437c8815,97
629436111,76
270611007,55
6f03f9497,103
9d624affc,45
5f024c911,49
026d342fe,93
ed55919e7,88
67cb3cf97,100
671ad3443,67
38331a6e7,83
4cd75e21f,45
7e1f50feb,74
ee9242d3c,77
0556575d8,29
de8fd4020,93
d02a2fd8f,103
640bd467f,103
8e9cb9e5f,39
74f0d70ef,51
ddb84d9ab,46
f69e60044,4
28ee705b7,68
6aa4095a3,59
caff65f31,48
c1ed4ef6e,0
40d992dc1,102
1d51372a8,73
93c15dc29,102
8f4a554f2,48
b466a17e8,16
cbbc6e017,82
3e17385dc,68
c54530ff1,48
ebd745005,13
c2fe4e836,10
4171d3272,91
1b7916b63,102
d46919710,70
5ea428031,96
d7e737749,50
8fb591dd9,25
b022bab0f,59
eef5aa7f3,68
d0e1963b1,57
909ea73fd,103
3b60b5bae,72
9dfd91c6f,67
aca9ab734,103
d89e84047,83
8d53d2814,103
11300f71f,49
cbe14bd98,49
3680129ae,101
d325e5d76,14
34cc8d691,21
610314687,73
0b982469b,53
f7fd08c1a,73
26417279a,103
03a46c116,102
1a2e45581,102
6760a8b60,59
8fbcbbcb5,91
04ec1f692,4
e7393ca3b,96
36c344ab5,14
c27d9c294,91
bd401fd21,4
b3b55322c,73
8ba970109,98
7a8a88b42,4
ae016f27f,49
8716d5221,77
dfc9c6a23,103
6f3f4d188,67
997575057,47
7cd4cc27f,8
341538182,12
0e7c4c272,57
f4684cdeb,67
5998b063c,68
5e35708ec,73
94e8795c1,47
7d1794961,47
537f040bd,4
ddc839a0f,85
00f9d0e97,29
1baa33eaf,80
874df1738,84
2b91acd3b,87
5b1f12738,102
4e933f65c,38
da2d9bde4,103
9ec91d6b5,4
b983a51bd,103
8801493cb,90
170517f38,0
5cdbf8228,88
d8f64062f,53
84b7495d6,87
2545ad929,42
956392eb6,73
a21f6d452,49
f5a3fd7b5,53
afdba6c0f,46
6cd33c3ac,103
9e4d41ad4,87
a64d32c6a,102
97d3f3707,50
48c96bd6b,73
ada4b9362,29
2a017a2ec,73
b7af85f6e,103
35d5521e7,74
c8bff789b,36
f229ebf45,80
5fed86a73,62
3e7922328,21
dc4f97c9d,83
8ecdad441,91
564a0856d,5
57fb229ad,103
c43ae531d,103
ff02d53d8,83
f0e91b85a,103
bfa9dec26,4
c515db368,48
7eba030d5,74
ac67924f9,102
5586807d4,94
08b4c02fe,67
57c0bd843,102
a7af85579,62
31a7d4530,37
47f8f7372,9
3c98993ff,102
adacc3a94,39
0476b626a,102
4e3f96c83,68
6229791d1,103
4cb8ab033,60
63d16d8d7,73
fdaf286c6,14
2dc55fb57,68
c1390c263,53
caa580f63,94
cdf877752,53
a567d4a59,67
6a2552916,14
cb82723d1,103
154896ab2,50
88be303e1,7
2b5f79660,67
b796fe951,49
2367b5056,73
90a369187,0
245d80d97,56
e25ca1054,4
9000b5760,69
e4e3d8a4f,80
3b6e604d2,67
d6503fc7a,53
11db2e1d4,51
d1edcd33e,70
b909b96d7,43
7046567c4,77
083ee0c99,5
4d05e9395,83
a8a8b4261,74
3d2ee2570,103
e8c36457a,87
972c95932,102
4250ed062,25
ef799e46d,41
4f7f265b5,73
ff2e1b825,103
786172ac6,48
fc13d942e,0
c2c5a8cc9,7
0c56833c4,103
fdf7c8fe5,49
6a8422b82,103
e11a7a42f,67
760068096,4
e4d72ce27,24
431dab6d7,102
d70ee220d,5
c87c12901,73
0693e839e,103
5752ad3e2,40
638d987cd,16
8b85ecabc,73
58c90fc33,62
b72fe5b8d,29
5359b52dc,14
29f49cd83,50
2b7da32fa,58
ea36e1b93,4
110f7428e,49
b07bb0c22,96
6ea2b0e7d,67
01a3fdd52,87
8e390cb4a,16
cb05fa534,74
c0de46b28,63
7d2cabb96,0
350c32674,60
816ea6eb9,53
ac32140ca,15
1ce1a7e34,25
d31117d38,67
7a552ca1c,62
0afbefa46,72
5b1353d71,68
eb09ff6cb,7
7c2d22784,43
df01d58ca,87
ba32fd161,82
19e44b02f,81
b125a5970,54
46ef787fb,72
856565e67,71
9bef7aa96,103
35311eba4,91
71cc05cc3,83
94c53b0c3,43
ccc54a4f5,70
8ed239a08,62
20ac1c597,46
22cbf6e58,13
7da20ceb0,62
795083f79,4
0fea673a3,52
f2809517f,102
3eaf5a947,67
7560dda12,49
c4a376520,21
8c17a992a,48
6db87048e,25
533d4492a,56
8b5aa768a,77
5954973f3,67
0608f2ec0,0
556f2c5c6,102
10b54687f,47
c323bee87,28
71aafc964,53
57f44a56f,16
576f07382,102
6fbef3988,97
3b66e2c2a,13
45c23ce20,48
3a1396fa3,55
20b97d483,4
541c4d41e,73
d53eb8a52,103
dbe5bf31d,15
1f411d101,103
dc405fd04,90
ce824d546,76
5b229190a,51
ef761a150,71
e690ff8ae,67
7302be7da,47
7d6edd6f1,91
7b9220d4c,90
e82bb0f6b,57
746f3dd2b,45
7d7b3950b,25
80ec46d31,49
24bc6b404,102
3ceb3dfc0,88
f3300dab1,103
90e8d8225,102
af3c7a24b,82
224d2ad17,74
58ff8f465,49
96e4b2ef0,100
b106e1623,90
4f6762363,0
341eee5b2,37
514b8d03b,80
07b2feecb,76
6bc2469f2,73
567e64f51,16
a2606d96b,50
6a1a8e17d,71
69bdf9905,24
0be370901,48
464b3976a,102
7be31a9a0,0
a76840623,102
5d17abe47,10
5e2f03974,85
5287898d3,25
5bddd9a50,67
16c791a6f,102
9e4e812df,5
cd20c00da,64
6c52831b1,97
afa55360f,45
74c86dc94,88
44fc90316,14
5233ee8fe,45
08d076fb7,50
d30f4ccaa,49
e3fc821ef,84
be75bee29,47
589fe7959,102
8c5e0c760,47
9f69713aa,5
5228fb3fa,89
54cebd37f,68
258ff457c,102
80d50c469,103
53033eeff,53
80c048cf1,4
3599e2fbf,82
baa4deee5,67
600693e8f,71
5e45c97c9,43
46f943627,103
4aea86d3c,67
083c5dcc2,10
edc3e9332,85
85c84a176,60
a97dcebf1,4
f421c6ffc,73
310f07ff4,49
816ada493,53
f638a96fd,4
05ef686b7,102
0a9e05e74,80
ea95803b6,4
054412f7e,55
2f9bf2b8a,84
d0b48815a,74
f616c93fb,103
500ac8bc6,28
95eb4c83a,68
ae6ab4563,14
23cce6771,82
4cc87897b,61
f90c673f8,68
1932af102,53
daa767533,82
6b132a6ca,48
e914d195f,4
025960a54,79
2ee5a9066,9
15ec03f5e,102
2c2ffb258,79
d6e9bc323,13
8e07336d7,47
7de7343c3,93
a0affbd33,4
b4eb26098,0
8fc000b1f,0
314dd31b2,83
6aa485643,103
49fc70cb5,56
b41fe0aae,82
66f455e67,49
36568fe64,81
acaf761d0,73
a6bda1044,32
9067fb1fe,35
d1ae6b983,68
fc6b8b594,58
6ad636b14,7
ec40512de,74
042c90107,74
07a4b0444,53
fb91caf96,7
f2d476916,45
897a2400b,67
d4ab600c2,10
00f05ea9e,4
978d9e4ce,18
8a8eefe09,67
86f4d84a8,73
1fb45cb2b,8
58379dae0,27
fb4b0daa2,18
2b1fb675f,46
29add8561,103
abb27a80c,28
f85a5ee9a,103
0d7eab0ce,40
4249b8e73,49
9d38f1232,10
ef7856a23,103
dbff9bca9,77
14d0bc36e,87
5b8579555,63
da98b5bac,47
2586669bc,48
eaf6fbc84,50
5bb0fd4f7,67
fc836e711,13
7e4a5d836,82
6c5cbbdf4,82
136b3c7b2,57
9856ba8b9,67
086fcc48c,70
762c5e25b,97
e109f9b0a,4
4fb5992b3,39
394eed0ec,103
07e4f36cd,94
4c4c216fb,73
92cf0e905,76
564564fa1,82
efa3cd848,7
1e793aadc,4
5aab08428,67
117831b8b,47
8404dd232,43
e33bff353,68
056767c8c,14
ac3ed3cb8,67
b080d20f2,103
b9204c339,68
ec357f612,68
9942a5424,67
c5fdb2459,48
661e5ee1c,10
39e2183ff,8
050bb1262,72
5a3dafc67,25
e6798651a,50
67eb6bb6d,67
42b0abd95,50
2abdb1c5c,47
08c71ca8f,10
155fda1aa,0
eb0a53a24,13
b59846a6c,13
8b01cbd62,4
22cecb30b,4
d39b5658a,91
6db4781a7,45
75540546f,41
d09882bb8,45
b339d0a61,103
e68152d61,4
da2d31c98,4
e1e5687f0,4
cd6fb957b,80
ccf5f3de8,47
f0bdd22d9,71
9ae160f11,91
9a3fa2c38,73
2d8716e8b,67
73b47d713,103
0cfc11aec,49
1c4bdac93,103
4c91c2a8a,49
502aa0fed,14
3052916cc,73
6e1842cc3,74
404661213,49
38477b2a2,53
ab06cb3c9,1
0ea98df12,49
c18a20c3d,47
625ea352f,19
50df03fb2,103
1a902c080,53
d1511e64f,12
3433a69c3,0
f247862ee,94
c874dbc71,73
b067fabd8,48
dfd66382a,4
4afd6043f,68
a5eab308b,87
8e55f2268,77
18ce23111,67
3537c6c84,68
fe80ea2ff,50
4df5a7b4a,102
cdd700dd9,51
c785abe6f,7
0416248e8,103
c0f55d16e,103
1600cce78,45
a18ae9e89,102
6285f24d7,74
88fdcd071,21
aaef221e7,48
9d8d14332,80
ebf692344,4
a6ff6f81a,50
acd61abf2,77
1157fe26d,72
771b14071,68
9f9578396,78
e181cdda9,53
76e3166a8,102
161a7d556,102
139bec7ca,29
b0c17d5c1,102
1ac65f43b,102
903d6d1ee,46
3b66bda54,103
935518c47,47
19b55b489,103
08a1c14db,40
6f6009530,28
52e436680,90
303979023,49
c429543bc,77
9040a1e5f,68
bd6ee4ac7,47
769f6fb8d,48
c2a78ef27,48
72d1bf434,34
0d0b4631c,73
e788cdf9b,56
e48737634,42
241a96f41,103
54eb01070,92
a77db045e,8
0a98a2179,49
700fe6ff1,103
67a25ece3,8
9c5095d94,51
4580f61bb,19
51b1f6a59,74
9cffa1c67,88
31ad8f4ab,102
038c1315b,71
cfe6b80bf,0
94693762f,67
34a95a94a,102
5d4811c9b,27
7fdb7247e,15
19e239913,43
4719dfcaa,4
1b3705cfe,51
7d2f35248,103
50bb7de2d,4
d169dad5d,87
ae05e03cd,79
7e3369c19,48
82d5f6620,68
9ff26d18b,69
b17ebaed0,79
fb532209f,46
603490d95,66
c099603ac,14
62b5e80ae,67
28bab70cd,94
1d8f28be5,103
881336587,5
7f8e636bd,60
4bef06f11,53
9c1ca344c,98
d91b12e12,94
774e6e2a9,48
49c1a8313,73
a859410aa,10
d974a8a25,69
b3acfed2e,103
62728ae3b,102
89e7620ff,48
69a3de639,76
9eea9316b,67
1c435d13c,4
9677be74b,67
7b6429c7f,59
10950efeb,83
bdbec7ef5,3
fc8af9bd9,85
075602d66,103
ec3f90c05,67
dd331079f,83
5b89103cf,73
a2e48b4b8,63
171d91683,68
3ba519bb8,45
2080c5234,71
a1ca4c928,4
5f729cf60,53
6f4179bbe,102
02d846418,68
aab3a2289,28
4e792387e,27
99d0b77f9,93
2e36d4f93,49
d539aadae,29
d18ee118e,73
a2d6fcb7b,62
b0ddbab02,99
b765dfa87,73
fe2bfa700,70
9121b3849,48
49b354ce4,4
d98e07837,72
6009ca42c,4
6575f6563,73
afa405f0a,53
b651d313e,18
39a628cff,49
4191c5547,49
a5988f75e,53
57f357144,93
026d4082b,45
7f5479556,67
f84335116,40
599713c6f,91
457ef8195,67
f86503c22,67
fae67c6fb,24
d0989eec5,4
bfd66b238,83
c4c802142,49
6129c13a7,53
003882deb,9
5df38050a,74
165ca8a81,59
78c02c2f5,49
b868bcb9b,103
760d22629,79
18d6844a0,49
69dcb9a3b,14
dc0f9b59d,49
78a91fc04,93
35396fb82,29
3bfb94587,102
40ebc99bd,103
9a33c631b,4
f424ad351,103
c96b560a3,47
b77626f46,73
b8fd3b2f7,102
0b1605a22,47
f0f900bec,102
1fed3b30e,50
57cdc3f59,102
4d4c87a41,79
f67596886,73
0bfb74564,80
1e954dd4c,24
28aef7cc5,47
f58d7487e,62
7f5d5cb8f,68
2d40a8e47,81
8701aa4ff,35
03c9840a9,71
93af01df3,73
b4663783a,102
34f820893,45
26f0c457a,53
5ce48d24d,76
41dddedd7,53
3dd4e386e,28
edca7ed7e,90
478e21c30,14
88e6ef51c,46
0e3f76f4b,53
ee705e49b,29
ea6121903,68
b1391f097,77
2a98afbbb,82
0cf33d505,49
a7bff7fab,4
4232febfa,102
e59f4958d,103
7775f87f5,72
8bfb79995,88
4afd54574,43
497a53f79,102
34c4cf37e,35
671c7b595,102
ca865c4b0,40
723403f38,35
0395f93d8,94
9980474e3,49
02434c828,41
25e91d523,78
6144fcc9c,96
946ef4894,4
dc2cac36b,29
f1babf32a,4
5bd9a3483,60
2ae85b034,53
c0b653e38,48
80468179b,58
3a17f07b0,18
b8c82be3f,48
d0cc62751,46
2e7fad027,10
eb0f37d39,83
f56efef52,59
9aa3662af,93
348bfc268,0
fa612d18c,76
a8b29edd7,83
5345fc847,103
97beecd94,70
ac0930c4d,51
6c360b751,53
a0c7302d1,87
08031b106,53
6d75535dd,11
1a33ad4d8,56
f3d6a27d5,80
df4ae0415,67
d1b0f75fc,18
d4c65214c,76
e8746af68,49
341b65192,28
3be948614,7
2cccd8e5e,46
5184d47b8,41
ec80c1413,67
3856fdbd7,68
aa8eef48e,103
059ee98dd,10
65a3a7b6d,73
06bfec1b7,4
38b48be78,50
896467495,70
a673ada99,53
4b8a4a3da,14
9617ba69c,94
664e5c977,17
83f820e61,21
eda20ddee,14
dbed4d8d3,13
718f47a1b,8
5a2fb5300,0
2198f8dae,41
dd613b9f2,76
5c88d781e,68
138275e36,71
7dd683db0,29
035d2bcd9,103
7fc99345f,98
33d008671,81
981687c64,83
b145790f2,0
16810b3aa,16
355abfa16,49
4e9ed92fe,48
b30ac7015,27
aaf781d34,1
64213e873,74
6c269a2b9,67
377b22380,96
2c0fac807,8
039b15a83,13
8f252ecb2,56
3f39dac7f,1
2688859c7,102
919aa404b,13
7b825842e,53
56cfcf9da,82
486d538e1,68
3b197ec5c,67
e8bf3b5ec,102
1101a003d,29
2ceabb5ef,53
51e3f656c,40
4ca32d7d8,66
da5d0dbcc,55
d4ab201b8,74
501396f2e,62
b9feb1bca,93
56cafc1c8,14
8a904fdea,71
5112d23be,53
0bc02eae2,18
ed849ee3c,101
5cc548c43,67
5d1259367,83
9679190dd,70
7263dccaf,13
5e0cdf39d,93
37aab2807,4
c980fa8a5,67
8df2a19b0,62
ab3bcad5b,73
15442a507,5
04f9e9721,49
0a73725b6,79
27c66fcb0,102
fbceab432,10
b507ebc7c,88
5a2c8645d,83
d81c315b3,48
6485b01ac,4
3d7e6922e,26
1fea6253b,74
817066a16,4
9403b3f86,103
a85e27a09,51
7b506b5bd,31
1226ffc63,94
903bde9b1,49
789f0394a,103
40fc0d8ba,82
0b8824c7a,24
fb60964fd,72
683ad13b4,68
fd33eec2e,80
e4f8cae75,82
0c295f0fe,18
03c54f05f,67
3f4d7610c,102
aa560af38,103
9e46889f9,102
85f511409,103
eab53f47e,69
206b27d1a,103
85e1dd858,73
18abb30af,67
f83e299b4,67
01492b421,93
a0ea70e97,28
0cea1df9c,81
6f25bec48,43
c2b8d96b7,4
266776fdd,53
903a3ee76,45
49ebce8a6,71
4575d8130,103
e1494fbde,63
dc9af495b,13
f8326b046,18
a5f5634a7,74
71d454f1c,103
7012b4533,91
0dda08338,4
875d61521,45
79a025018,50
63e2e3e4f,103
04bc5ff61,83
5940f63c4,13
c7cd71880,77
337187c30,67
61d566521,14
90452c872,4
96a197cb1,72
fee53d77a,102
698676b2c,82
03c4126b4,4
4e65f53bb,13
41a1ca700,79
366a3d04f,102
9debacefe,73
c3d03598b,24
82b0ce34b,67
c6c801e09,67
b1845770d,41
c29915daf,51
07ccfbc89,53
eda9f61b8,103
30e522542,0
7cb1fb42c,18
afc49f312,46
dcdf04ae1,83
87a37b4cd,47
b2104558a,103
e1f45be9f,14
b9f422445,13
09adc5faa,90
298cf5bb5,48
64088707b,74
c67858398,14
1bbceba89,67
027ff9d9e,83
2fa4ca1db,52
99caeeea3,102
ce0668511,53
8a5353b56,67
586868059,78
afd01aca5,45
3231f45f3,53
0d69ec15a,65
aeb6e32ab,83
dede702d8,22
9843c53a6,84
d19fb376e,40
6f725ddd0,21
08bee6dbf,93
0ed0741d4,53
b2a655d89,39
7a0cfe114,49
b7ecbd370,103
706aa9df2,102
a11918aa3,53
9cb714943,103
a8f945820,53
1a5e9517f,90
cefe64b4f,36
fb7d17d79,14
f69a85264,62
10c568a02,89
bb0b0e551,57
0a8a36c25,83
bfcb81efc,10
3505d54bf,49
92da88798,102
fac7af031,96
004b88e09,82
bfd8234f6,102
26d1f0e73,53
7bba13923,74
4ac812558,49
f9acd27a7,4
64803f8fa,67
805f78d97,82
9cd6277d4,101
e95556293,85
b5cc43bfa,73
41c27b630,71
49b260995,57
b7063973c,28
570029ba3,102
b99ddd49b,45
29d5a8bd5,103
24ca41300,5
2b47bed50,103
dd7ae60d1,55
52232fe3f,49
5ca912390,102
5c66ca3ec,80
757866231,14
689eb9f68,81
d45c77b42,47
1fe1e5c34,94
5ac5273a9,93
94da0ee7f,102
e43587721,40
954d0fe63,14
616bbeb90,14
b72ac95bc,83
de261e169,4
f90f6d589,103
664ab3455,21
e3beb7e77,7
8ab688113,74
fb2895935,67
486715238,7
744730d4a,14
0094a72e4,52
777ef8066,90
396d20b5d,71
09a438bae,48
b020fbff9,53
6a9f813a1,47
67810173a,103
8d3aa53aa,103
ec9d1154a,83
2f5064517,77
be06b31f4,53
fb6d4648a,21
516a450b7,56
fe1669ffd,4
b0f5721ca,0
393d8efdd,4
ff6213278,11
9a9c151f2,4
407b393a9,53
b4a235b93,13
b95364dd0,13
776074cae,52
96b2a73ec,28
288772300,49
31f2e5155,102
fd88bb2c5,83
1ee86a298,48
d9cb87ad0,64
618ad631e,71
ce06ee7c4,72
da6606b4f,49
435326c89,103
8cb3a6ba1,4
f1177451e,64
8d4c9f88e,83
dfb7f1e61,25
c964a7aa9,49
f8221646b,46
abd425a9c,101
b1041fc0d,71
c16bd5262,73
6291210cd,103
301315f25,47
0dc507ad4,48
994db92ae,25
145628804,52
41f7c2604,61
88c6b5f1d,102
46002f8b4,4
4a530e1c1,80
64dfb8137,74
75a50917b,48
aeb2bab6c,87
818253773,94
ea602cdc8,14
735b3631b,79
f880b1d01,45
157be3bb4,48
530bde853,52
01520f1c3,90
c9dcff9ef,4
d123bd691,36
0045ce94c,67
653dc3b58,67
cb80e17f2,55
01262c8b3,67
837a91c2e,49
5a330e7b3,87
fda794abb,81
e45e707db,14
f2d41d6c3,4
65bc00f77,47
29ee6d680,53
bb91e163e,102
905ed2774,103
ff2ebb52f,61
1bb8d0c39,39
b134d8c5d,67
fb93c4c46,18
689a0fbd7,8
dc39aab6e,55
c081f5b7f,45
abea787cb,67
1fda84008,82
3c22e0a0e,4
60a51b6b7,49
218e61006,17
06ebbb560,103
dc40a9854,21
8df7f4638,7
0039e54f0,43
ffed2a555,65
8523c7858,4
a0925df64,87
4630fb885,103
650d157b1,94
fe6991e3d,48
6bced57ba,4
5c76c7057,52
24c202e61,45
3a456593e,52
e36cefcc1,102
e0fe7e2d0,53
a4841f6e7,103
77e34e261,4
cf95485eb,102
da4c0be52,68
166c6bbf7,72
25b1a1971,14
854ca7f47,13
2395c9740,49
f2f66f2c0,102
6601f2903,68
5a80d4beb,7
6e16e769d,68
19e07f757,42
30df475fe,103
8899f1bd1,4
4787424e6,5
035f7cb0e,49
08263abdb,94
9bb756baf,103
f9a14ea8d,102
3920794fb,51
cf9cf9368,77
599d64d01,102
c6fdffb79,103
ab54ef65b,7
38d113afa,59
cb4330abd,78
5aeca7ba2,72
fb85ca687,67
a6e295583,78
d710d0940,82
43a84d203,18
74ecc535b,102
6233d3e01,76
7c9adc043,56
aa85a14bc,10
cda807af3,4
0f0ccd222,73
bc199fa70,79
8d4ecada4,79
92d447000,49
ddaef039b,73
f6610b1d4,48
a11b09e07,0
598a1c3d9,68
4134d5714,78
664bad216,4
56317c242,35
8559d49e6,87
3665f35e2,65
4bb5dba59,0
a0ebf07d0,17
8ca2371d5,4
99776d4df,96
2772dab8f,102
02e2f1ca6,103
e611ad6ae,18
b25179fca,49
a51b01392,25
8d36d1fd7,7
b545ede10,74
6b5cf2a71,53
167bb4270,28
7153f9700,96
42d890962,35
17625283c,102
8b8836103,45
b37712a07,14
3fd719b67,12
07be81d64,67
8a428ab24,55
58dbde095,24
bf8a78505,39
67b85d53e,45
6e08cae12,4
81cabee91,7
10dee0305,5
500c6294c,102
1461713ad,68
101551fbc,67
214121cb3,87
22324cd72,28
410639882,82
95eaa8650,47
78ceb6218,53
f314ed416,103
694b396d4,0
79335a465,103
23ee9f44b,42
329d815e5,93
ea85ab37b,90
21ca80954,103
1d88115ad,103
a5b604f04,82
06a271f97,68
d376c4365,55
a0dfbd411,76
7c734cbb4,68
e56f9fd6f,4
0281e01e3,9
e555f7ecd,103
9e006b3d6,103
ed219c7f8,25
5e216ec7c,69
56f31776d,67
d445b47b7,78
083109f62,67
9174ed35c,50
caa9982e3,69
6504eee67,4
411394fae,67
ddc1eacff,0
3c525cead,103
44903b337,73
72848173f,53
c3565844a,102
07b1b52f5,67
f6482ab55,102
26a59215c,102
53d9b87f7,46
61ceb0f5b,74
24be941cd,24
fe0e1d7c2,72
09ebedf6a,49
5eab13f01,40
c50fdc486,56
57f693d04,48
d17630e6e,48
82df3c1b6,45
6c14532cd,48
e2987599c,12
5b9abdbc8,87
98dcdf215,10
8c434769b,0
eec3f5ce2,102
fef98a71f,73
f789af170,50
666f4d363,72
9c158e3c6,103
f986f94f0,36
64f9d993b,58
26cf9ecfe,73
1beb08caf,78
1eabd5622,9
ade9181a5,26
b5fd782ee,28
eda0c70e5,102
5633f1101,4
ebe718ae0,52
0df8316cc,67
0db5748ed,4
727d99d68,47
cd4bca93f,50
43df50ed0,48
f88f94471,77
cc4399647,0
45162353e,74
cf192fc6a,48
b390e248d,93
1d149bccd,13
143b75258,21
2d3ea8986,103
4d88ed603,13
539a14033,13
5b45e7a4c,83
5e5acfa07,80
7c8c55147,102
a829407c3,7
826712f91,103
137107106,103
4fa22a6e4,64
b319ff6ce,98
9944acf36,68
18c42b6b8,4
0fccb02fa,74
db63379e2,83
49f7cdb45,53
e3542e88d,53
87a192226,67
97947bb82,70
142929b13,102
3accec78a,102
8b5155f07,40
a1c45a1eb,76
ad9a77e7d,103
1867b3487,4
870b7fc50,49
c3194a1e8,69
ff5d4568e,62
a29695033,48
ee2ee5186,74
a17d53e19,47
43e458e40,67
b87e16bc0,103
9cd8464ef,102
a7f1fb92f,67
a5d650b37,103
5762da038,20
13ae95d53,74
ce7f9e0a0,8
711216a77,94
ce6b42efc,53
4e686a694,90
3ff1824db,45
5892ebde8,36
284fc118f,49
ee652c6dc,49
f1c7db9eb,74
1d1f028b2,87
67a3ff9db,82
7afcf9660,4
04fdbddd7,74
8d9213283,72
392019a2c,4
7bae0ab5e,76
401b6e0c9,14
12b630964,5
5a2911399,0
0835292c7,0
4c4caa583,68
9351e7281,56
45a842008,64
7d2140905,47
22be03235,47
0aa1d9c98,69
fe843e592,103
6821046ee,103
e646d3124,14
cb59a4824,67
56bb538b2,1
6bf3d86a6,19
7a26fec2c,18
1a0d4b775,4
58879de83,69
702b7fc70,71
93b56e886,103
1fa6772be,103
b27c04f88,103
d69c942d9,11
8c7a3ac06,8
f80b1c8c1,74
79bf0f076,6
2f29a2a9c,73
8a9b13bef,13
9a863b9ee,74
8eb64dc4d,74
f247352ee,83
5d23a793d,50
563f7b16f,0
a85a06d9b,74
92e74b080,83
d5400cc1e,100
c70d94083,72
01555bed7,49
e8475ad43,103
1cb630a6e,77
bf7e00572,4
5a11b89db,0
36f02d6c2,93
bcd277266,103
74973ce69,7
7859791b2,43
c95269a6c,48
875d12d36,102
f61465618,79
532eacbec,83
ea16b16c6,68
e053b45c3,67
9a3a414d4,7
0210ba20b,46
40da3a46b,0
5c38776b4,103
d97f377fe,19
3c3316506,56
5464a7e4b,102
ef0ffb5dc,14
333118494,50
8fc79c991,49
79245d0e9,10
fabc19e97,96
db95e1a99,48
f0dc59c83,24
5398f55f4,73
c5f4134e0,102
ada310267,13
600f01e91,81
182c9e6ef,73
fe824e9b2,49
72337a91e,50
1ee5a55be,28
edbb2c2f5,48
10e3859fc,8
0d6befa42,9
3288217e1,102
ee41c42cc,68
fe6889fe9,87
4779122c2,48
ce1019f58,53
02c52b451,50
62a682a26,17
ca1cef6bb,29
f347c4666,77
6bcdb2495,81
653ee9b0b,4
498d46ee2,83
757e27b6b,47
754eab3b5,73
a46582e86,81
486ddc6d6,103
964412965,67
16e29883d,43
69f5b082c,87
f938b8711,103
150643baf,67
5f274a6ad,103
812b38844,103
5a7f69e51,90
87acecd2a,67
646e258ec,70
37e16acde,74
69e822cce,53
fd5eb7e8c,0
3aa882bbe,103
22f63c29b,103
acd745458,73
698eea745,48
9367b53dc,50
1a751ac8b,47
75eca83b3,103
6dbf25622,52
24032b382,90
7e85cac95,5
04a7f34aa,67
b30719c82,81
ed429fccf,49
505515f6b,102
87f6a1325,73
466f28358,103
c77e635e6,102
a645ada8e,103
20563ebbc,67
6d984df89,49
b601d9f8e,28
b82a2a3d4,48
e3efeee68,72
54620ca30,53
e8978b192,0
2c2579451,12
90b57e4a0,82
cbf0f9495,73
bcb73b724,73
3239f2f66,93
600bcfc2b,28
26c144947,102
d6a792c0d,40
4191e9966,74
99f5a507a,67
d8c46cf4b,74
87f8091d2,49
0cec3ad84,48
6dc57d8b3,90
2ad779d27,4
84b9be4d6,103
8c5ae49a8,68
9294f2050,7
c61564271,5
4dfa64964,70
8198687fe,16
151cd8478,82
317d04297,22
1aa8492a8,74
548a35991,53
d1196d6ef,49
eea83069a,67
ba9e184b1,67
a11aaec4d,12
d4bfe24fb,53
6cd161345,4
1a96992d9,67
6ebd051c0,5
9f5e5ec3f,4
fbfd88b1c,49
054de124f,48
a39a47b84,0
e9d6bf3cb,50
2d10d39ba,67
797d44519,102
1c8c53577,0
a324dcaed,82
486248544,4
f809ac529,103
ee2fd195b,4
73a3ae7ee,47
bb0b9304e,102
a36120551,48
926ed805c,7
c404b8c8e,79
afbd78d62,73
e5a6a39de,4
02d70ed11,7
d913c762d,87
2a459a0aa,102
d0cd8ecb5,0
065c9b5be,59
760ce7b43,82
270665eaa,8
2f0b8155a,50
b0f5e118c,47
5b1892dfb,74
9e4eb029e,56
2b1ceb24c,17
15a4485d5,48
710ee21be,72
ee3c0e393,67
8fa8ee1c5,21
57c754d1c,102
aa118cbeb,102
2c6c478d1,67
7315d2e99,82
1151a0d22,102
f3a8be142,35
1218dabe7,97
0664c88a1,0
0dbbde2b4,103
3aafc89b3,71
bf54b2c66,0
8a0b0f47a,9
c4c78dc65,103
2a5d624ae,67
e23369e1c,53
f116f4ff9,76
c162978be,56
1f7554862,12
985c8a491,23
035e7fa21,66
2043fd8b7,48
25b587ccf,4
f93b17627,47
75bb87271,102
ca050faf8,12
d59fc6634,91
9b9381ad6,42
5d426c1bf,48
408b2d234,53
b6559ddf2,50
787578be9,88
43fd926f9,50
23e50dcaf,24
f2ef2873a,43
e9178e294,56
920247fd4,96
464b2b309,53
e0bf00d7a,67
a13d3dfa4,50
bd6b0dfac,48
1d3399cbf,98
2bd2ebfa9,4
1837b91e3,87
f7034380f,70
f9731b808,8
2a69fa3a2,74
e8a5b6337,103
0a159c5f5,102
74a2503cd,67
bf4bc1677,42
8e75c9098,90
776fe6e63,80
8ad5daf80,103
061e3b226,40
b64db46f3,8
ac1c8b1a1,9
d637980a2,45
631f04e66,48
5bf457360,103
087d3bbf0,13
3ca06eba6,103
75bbc4353,4
e88d42b8b,71
1914b6245,67
a07779d6c,49
7f5e3f4d8,74
39327a0dd,103
408fc944b,36
5e0da2b1f,67
724560f8b,48
a99ec466c,102
151e1bb21,49
5a00bf031,102
033c8773d,77
6ef2473d3,13
b043db93b,102
903ae9a2b,43
0d9ca96d7,74
577793268,88
805a4dfb6,77
e1e7f8c61,103
558548e53,67
5699993e6,14
ed8c3c3f8,34
7949b71c3,67
c7ab8e645,53
5ccc5c940,103
83bb94c90,52
6cf753c72,8
d8d29bcf8,0
d71ba33b6,67
cbff5d0c1,48
b57dfb28a,25
a6dbbc248,63
3267460df,48
91b98c869,69
0c705e746,71
ea0d2354f,46
51493dac7,13
139b1d751,53
654ee7e46,46
7790e656a,10
9de01514f,0
a405112f8,88
42105b5fb,53
b845a0f00,10
18ca651a1,74
de23c5486,87
82aa265b0,102
69930f05d,53
8361401fa,45
c4c9b5dc4,49
2bf04d18b,50
6eeec13c3,82
89085d10b,7
7f6076e29,67
d483748e6,71
4cacbf1fc,82
0e675095e,8
4d41db87f,67
209b4da16,4
a3b63b1f7,22
fac66356f,20
401730197,4
f0e0f2a32,101
9a9255c3d,14
256e89fc6,85
f5aa796ed,53
0dac4246a,83
acc377b86,41
63ac3780f,49
ed0b0e088,39
738af3f29,67
39f2c9f4a,47
dba8e8e9b,85
6e3c0fddd,49
cd35b6b36,83
3a01c3e88,59
282e04df1,46
6959092b7,53
f98f94bac,51
f16b7e08b,9
132144011,7
73633e6bf,63
7fd945d34,47
9e31cbe3b,67
53d1111f9,103
f2702f681,103
30e68f7e7,71
4dc902039,103
178290233,47
30802b47e,83
ba9e2d304,52
5bdd76ad6,93
3b89f294f,54
3e7ae2503,4
6b1551121,101
101970f4e,102
dde25205a,71
6b3c00c84,29
3d5479aca,49
6d7138997,0
794b67c42,78
5ed174c75,96
c144ae440,103
495e8216f,0
a030b3e71,103
2c9dc020d,83
36c544e98,4
d185711fc,49
c3222a379,59
c12330d34,48
a4a05f743,73
f696ea622,74
675e1db7e,48
e71ab3905,49
e2e96c56a,102
2429cadb3,49
8e5430d77,88
9ce1a30b6,4
f4ac8bd6c,13
ca96ff636,66
3912b7506,47
5b313549c,88
74837e719,90
fbbd35173,48
9ada0d093,93
5e5672257,102
c298d16b3,90
d86ebd20a,4
5f22d82a2,58
1971e15b7,53
7a7fefad9,74
a13259e0d,46
29a02c757,63
bb9565c29,11
24261e7f3,69
947bca713,28
e96b3436b,24
7d825a631,87
e810fbb6b,93
8361e9b86,91
e71ef6701,103
9ebc88cdc,103
4500b8a44,103
ea72034f5,53
c8e30f4c4,67
0fdb2e372,83
a9cb1cf8a,18
6b82e86e7,68
28b08d407,49
8fcb4c7e3,53
ca1d1d65c,46
6d34e11fc,103
97dbf9d67,13
a8efc4d66,82
a13beee25,25
058cebd78,49
f0e6a679a,4
6318d6cfc,103
cee0a6466,49
5172a3da6,50
b65acd50b,13
66d3a82e2,103
9f80ffecd,53
526449d16,91
a235500d0,66
4c6264df6,73
a9a1e0332,49
9f4b942ff,13
78c58095d,4
14ffc1505,40
e4ba02634,0
8bae211d3,7
78d30a479,78
3127f8637,67
04da4955d,102
ad82b1ba6,93
27d271279,4
92a289926,102
872eafd2e,94
e6e68b7da,47
c0a9efdcc,99
e4bd15b11,74
6d8ba2cf9,55
856717f8b,4
76f661311,53
132ebe116,0
bc62cedd8,14
5f66aedb4,5
37cb79b63,4
ccbe77cf0,73
707760045,37
bff69770d,73
1c4ad0e13,0
87a93b8d6,11
a67c5bc5b,53
74bcea93f,67
dd7f0f72d,83
9d9605a15,48
2b9d54083,36
99536c670,47
9f80990ad,103
c3bf03c46,73
0623719c0,4
250af268e,103
1e3e2da00,18
4b4d2a0b9,72
0be81ab06,72
367f31c9f,53
669487461,25
11cd8f57a,92
09780bc52,88
c9c069119,103
8924dae8a,53
6abf7f144,67
e161af94b,103
368d86c92,18
fc2199013,7
f18556a22,103
fd5cd4e2c,102
c58d1fe16,72
37a4efb7a,53
04758b7d2,13
60b3c1ec6,96
76ad6cdd7,5
1375fd010,73
51d6b9846,102
1d03ab65a,103
289e5b823,77
767a87c4e,52
f6e9739ff,83
95f734b2e,53
82856ba28,42
63c3945db,73
5e7372874,97
a497a8c2c,73
80ceb515c,40
e45a03866,103
d4610121f,45
d60582d88,5
08271595e,81
2ea467d26,73
3149540a2,73
3b7f6b220,103
868f3ca31,29
3f6b5757a,80
eec53fb8d,81
ac263553a,67
ed0be72ef,93
8cccd4aa7,4
04c9322f3,4
6022f99db,21
4746340a1,74
23052c6f1,77
6dbeff852,102
5c9aadf3b,73
35faa30eb,88
b9ff3b500,88
5554ae705,49
f1516a306,67
9556bf430,68
8b23979a5,63
85d30d942,14
50f33fc4a,89
957f42d35,103
706bd2088,51
059ea5059,12
bf16e0cb8,49
a425fc6a7,48
370fe09fa,32
4ff54212e,10
b382fd54c,90
2d54b796a,83
0240a9430,0
6ff58f465,103
c0dd27777,41
4194b2615,16
e3b0ff721,74
6e7b662f3,102
400353bac,103
72033968b,50
d2cd8b9fe,13
743a39958,49
e69ddc9c5,67
a1f8b0936,62
6449727d1,61
43975ba66,67
690f47487,103
d852da76f,102
6386c2d78,0
16e7f18d3,79
81aae2d9e,10
43c7672d1,103
7e512d140,5
e96d15acd,71
a0e82c1b1,100
de847e487,53
ea8dfdeb3,67
3c87fdc0f,53
edc4bea12,102
7cca3e7ec,13
a7b14afce,49
9fe27bb58,67
8a6ff36a7,25
a4e32e242,74
1b07b0a53,47
715ed2e29,69
5f813832d,4
5b87d8d4b,43
e5f6dbca4,48
92d8c290d,67
4fde9d58f,48
16b00a5d5,48
1f631a7a8,79
01163c5e2,103
8d808a07b,53
548fe4d32,80
5c1b0f7ce,4
82316b58b,45
7182235fe,67
3901d45a9,103
52a88af32,9
b52d8f0a2,47
64a1bdd75,49
ce3c158fa,74
6a8de3c09,90
fee9f7c67,49
1b4b7b0aa,103
37525f380,0
8e96d5481,85
58a2ab14d,43
e9e0698f5,4
ca1095668,80
032ca1556,4
46d056d14,24
35bb514f0,60
42ed99f8b,67
5bc1ab931,63
5fab0c048,40
35e005ed6,4
1f5a8d8c0,0
11e3afa83,103
40b3c6e51,96
b56ccfec7,48
691acc46f,53
10c4c8d44,88
05b14593a,48
b45b3f474,62
318d049f2,49
fbc29acc1,4
a7756b411,53
9a411636d,72
f38eac7db,67
5771f876a,49
852b5fb74,13
fab2df372,73
4bb5a49ca,36
e1bcbc106,77
797ae6066,50
6e4cea791,4
d6cd39e5b,13
e240c69a0,102
ed8f1770c,8
a0faa7276,102
6e644aad3,49
1c3a7bc99,8
1363038b9,74
2e478a3cb,62
75c1b1a9f,77
3088361cd,53
64923375e,102
5d171dcf7,102
a0bdfb2d3,71
5e802f360,83
01863f6d7,49
e72ba29c5,87
fab4eca91,103
0d989f57f,72
4ffc57a98,71
6d7ff30b8,52
96b039170,21
d970c4ffc,24
4ddf168de,73
656cc827c,49
7723a9059,73
e46dce22e,21
1f38d6778,82
1c7354786,51
7b3780a82,10
0cfca4a37,46
40a956d5b,67
4c8e7b1f5,47
65d1f9b28,69
a4c653f29,46
6f50f7647,73
fd25ed5d2,93
d779dbe77,47
9244f8d54,22
a2b22b6cf,102
b96651b6a,29
3dee899f2,88
641ae8aa0,68
cdfa5a4b8,0
55da8e5b5,6
0a117eab6,39
aeb67eefb,103
2a5e80a12,63
1dae04aa5,10
21a5f41f7,4
622301a2e,4
c9e727ec7,18
0fdf5073b,68
7de565519,79
1dbaa5744,13
8deb17128,103
cf1fb187a,8
0053fa6c4,103
131ea4f52,46
2cba09f03,70
346d6fc1c,43
a855179f9,93
976e6375e,78
88226300c,98
d32d6ccd9,82
6348a7b61,67
8f4e1b979,85
caf89a8f1,58
23a39f766,84
13c92db23,0
0c8b4c597,103
7593bf7d9,74
b299b2022,67
57787a61a,93
20b4cff1d,87
6550b53ba,43
f38c7346b,83
2c69b633a,49
65bd3368a,38
e9928cf8f,67
6d822303c,14
c74e100ff,69
60d83cd0c,29
cb26ab8e1,73
232ad11f4,102
8f01b1034,88
cd16a306c,82
4f14ea184,102
aaa8e6d3d,70
683e58330,70
007258826,49
5885a2c34,74
d9d6e7525,73
093f50986,7
e0151da58,4
af181a2a3,10
5b15fd082,100
fbc1f1f89,49
8a566296b,49
7927ce9c6,74
6f238770e,62
e75ba2d32,13
af70c8cc6,48
5d3d71c05,14
0de5f6578,43
e93da9242,12
498c0b419,73
4b4223c92,14
455ebacb0,74
40ff0c11f,67
f73820e9d,103
6c8eb5daa,49
c49f75868,102
ee23e898a,103
358cb6a28,68
63d72a8b5,74
69dd8b98f,74
465fca558,87
ef40d788a,68
e85121a2c,49
0bdbc4859,48
dcbd123a6,70
75753e7b1,47
1d1b18d38,69
61290cc43,0
6bcb5a502,20
6b4fd7e01,102
979be015f,70
f99834b3e,90
8fa0abb21,102
31323febb,93
2a914ceb8,71
aa1db9aef,89
e665e264d,103
b2b4ffcd2,72
30da0fe81,11
42ec55913,55
285ff0263,48
6074e6638,43
0c548045a,25
4d8257f18,91
111388cb7,71
b3deff050,102
0e6cad3b3,45
8899c2050,13
1beb4e8ef,50
afac3a5b7,53
fc8428025,49
19466d61e,53
0c79ae44d,102
e32696dd7,69
6baede1f3,83
7405dd1d5,28
73d138dbe,28
7e6854001,49
3bf2347ab,77
e6ec47b1d,48
3294a097e,28
8ad63bcf2,71
8482cd4e5,73
bd3bf8f16,72
a20b98b33,53
18ed42876,71
9015e43c5,68
ff2804289,47
2b08a162a,102
d5bb1b0c8,16
8904c358d,48
da00cc5f6,83
f4672d1aa,80
fb094c9bc,81
891e42a88,45
4751e93ad,4
51c386b65,10
3ca2ee97f,91
c87bbe155,13
9123fc9c8,0
3cf28a050,79
4ea0a3352,4
30bfe5b05,36
1c63f50d1,49
05dc093b8,79
e958b63e2,65
44fb03a32,98
9e87cc8f0,10
085ed175a,71
1336ca52d,45
a3d0a07a8,73
bf9e90a5c,8
e6609d48b,0
92e7e630f,11
322b5e989,49
4e99c537e,4
9a2fc15d3,13
3bb893d48,49
21ea59543,82
d2a45014c,4
4c1b8a5c3,4
fc4e90060,67
91b8321dd,103
785f14a23,4
91398b8af,5
a62dba9de,103
b64ae4e8c,81
06cf3311a,48
6094552e3,14
847402c34,102
add649c7d,42
bcebc0b3a,13
b2662c86e,94
71c1f0507,4
a2aa2199a,66
8e92c9811,81
657a2302f,65
b1fd7a2a2,62
19d5edc51,51
146463828,103
124e119b4,13
a575e3bf7,83
1474acef0,73
bd35bb1c3,102
5bc0988c2,9
f66e3a446,71
ec6b3bff4,52
7dce481dd,103
629160ccc,67
d85f2a17a,8
94c8329af,10
7223d356c,5
0ab78aa76,48
44d707daf,14
57f7948f4,63
278e2fa12,16
6fc119103,74
7bed881d2,71
061988edc,50
8ef4a7754,74
07ce81250,57
57a2e8995,94
af4d8f92b,83
94b493650,53
fb745f800,102
040684077,41
7eb988267,73
6daf9a7d6,74
cf087fd47,45
a0277cf50,97
2f90dff16,43
ccb9b5cc7,12
0dce2cb5c,16
bb0e5dbe4,74
db09a299b,53
8d6e9cd06,93
8a18b9699,0
d1e91d28a,93
645e6c963,64
924218498,45
f938ff523,29
e163f8333,68
44a477145,53
e5bc365d0,47
3af79d01e,74
950a866ca,4
d1eebfd7a,103
08820c254,103
1f937e111,79
931b0b249,94
e7571886a,4
e44ef0f10,49
988f93442,29
156c0950f,72
9304e605c,13
6273f48ef,14
72b3fdfe8,67
93e296cef,35
9fc75b12b,67
6395b130e,13
2fc266682,78
9c54f2285,93
96c6c97f9,102
f88592f94,48
175e8c4fa,43
385bb724a,73
0ce2742b7,46
d2b091c3b,103
2c8530a58,70
9199afd98,12
0f6325318,52
e0f2a0864,103
c68758b00,53
fe737e3b1,43
330cc9d05,24
5d796ff7a,102
53a6ecdc4,56
4c25aa614,102
519f5b078,4
440128919,4
eef606ee4,83
f53f2f68b,103
6cc34f6c3,46
cc3b595bc,70
33ee9899d,67
078233359,50
ee559b5b0,7
8d8c840c4,102
99f271a51,1
4165e5bec,5
6485978a5,53
904f86ba0,28
e56916c4c,46
cfebc1eb9,47
d814f470b,46
b167313d0,31
07283a3e1,68
0124e277f,52
f6dfa3eaa,67
c18fddc3d,68
7bfaa6c93,83
00ff2c720,71
155f68180,64
4cf4ac658,82
648d6e1c9,49
3c5103dc0,103
2b3d7a7da,25
5c71c2638,48
a1cce28af,52
2fa8f8b85,67
2da61d102,64
2c9e28482,79
c3ecbced7,102
3a49d5a25,4
4948e3ecd,14
485a5ca01,21
71c31d4be,4
7864cabe3,103
07f963c50,71
ae8e8b50a,49
264d83a6c,0
f5e86abe9,47
d1b715fc8,4
2083b8669,71
7d107974a,50
8073355bd,103
98e5cf2d2,89
75d3452c1,7
dd4899180,103
f5ae2d10f,25
1ef426390,4
c357e5a70,58
345f66bc8,13
aead648e4,74
0aeacb28f,4
5622bbc0c,68
735783bb8,82
1fe1115ee,102
cc9d66275,65
23e9b2025,53
8a4293e72,4
52c27c7e0,76
e8612373e,63
c1c26f4ec,53
ce6303fec,52
d4f750507,74
d1b3aaf63,102
4f06ca2cd,67
b52dcfa52,82
aef983095,4
a94f6dde1,72
9eaf1170e,0
491331146,48
f8eb6ec7c,79
25db0cefa,71
627f0996d,49
c0ecf5eb5,4
6bf4a58b1,67
213cea039,76
350182af5,50
d34ac237a,50
207684fb9,67
793a50bcd,103
ce60e5f2a,57
c0a83f8bf,13
4f21ae7b6,49
0847f61d9,73
d64daa728,103
b688ee356,76
4b2c0659e,4
35eb134af,49
ebc4dfd8f,67
65d4e9994,39
268c2e415,82
5e01e9489,4
4f4574478,0
f69023f40,103
103a5633a,102
4c4fda276,103
1b474b251,18
3b0daf5b9,103
23d5c512f,53
5edeca301,74
b35d89433,50
462a4b1f1,78
cffa0410e,53
1c08a7736,72
7dab12862,74
79f689862,4
2ae7f866e,53
1dc077696,29
e8c49e13f,57
55dff9997,100
679f0dac7,47
ed43b8e78,102
8f029f975,18
fb5b6c2e7,71
c64eb3a36,47
8261e8f5b,67
3625c81e9,67
333b45bf1,24
195bacee1,67
9b9dcd9c2,74
92aea1584,58
6a9dcc24b,74
65f299d4d,103
81c8c5199,4
0d5832dd0,46
57a59f1ae,74
9ec15c151,102
9a4cb2829,4
3ba0b4f6f,82
8f2f9d451,45
6b7f80246,36
3c36c119c,48
c8bec0f66,47
1c074bd0f,102
72f51631f,73
66e6f6938,83
1e9cf8264,16
57af706df,45
cb5c98667,102
7db44032e,10
d4f431dda,78
29a77c458,53
adb78b73b,48
f4dd28145,43
b909de36d,77
ca0113f84,1
16c7a397f,48
855229539,77
67ec88f39,76
72e6235c1,102
467a87b6e,67
bbc846996,15
afcddfdcd,56
523df966b,102
a4513ca36,102
73acd2065,18
257de6c9a,10
6a6ad6ad3,79
f51e1baf9,6
9750fe0c2,4
23253eaed,68
828abe04c,13
d0e47da08,74
f4db33d12,48
577a972a4,24
61ef56738,71
e9c29b67d,48
c223fc7dd,103
6c77db7f1,103
cd29fcb6b,77
3c401022c,57
4d0ffe92c,67
7d0e7bbd2,74
516ef6822,4
2a0a2ea23,103
6f84aa228,103
4d178a6b4,73
e758b0185,74
1c4736dea,28
1fe55a939,12
9deaf95b1,89
7f4520e95,80
662f8bc0f,68
123a13515,67
8eed96f65,82
1770a3955,39
f09cc7902,102
1706c5144,14
8a48a97f2,76
501229169,50
6cf44ae8e,88
a6ef2c9ab,49
7e2ed4d52,71
61fab76c9,4
c7cdff2f2,71
c1553af6a,8
d3777d5cb,71
9d7b004b2,4
76b0d0576,72
0313b9d4d,81
e6b713626,4
23ea13205,9
f6f3f541d,91
80abd878b,102
052d2dde2,67
6f88cabe1,80
d0f992c31,45
54419838d,53
fb61eca01,73
0354bcfbb,67
374c54182,41
bbad1c1a8,39
7db868b36,82
92c92500a,10
8260f8641,87
68596af51,47
444a5e9fe,74
5f4162c42,56
5745b1abc,103
414fa5cce,102
b605cac2f,88
cf68a6af8,15
6c95b6248,78
aa6a116bf,98
74c97189e,73
b26f33224,4
9f6708c0b,49
1c92e2b89,7
48b580700,67
c7827133b,50
7698bb454,17
76bb433ee,88
398744450,100
f1ccc8566,74
1a993f386,73
3085e18eb,77
ef9f75d12,74
c3d234832,29
0e0caa0a2,103
30e82e694,29
74ee51f2f,67
c145a87d1,67
6569b16eb,76
29c460e2b,45
6abbdbbe4,76
b8c434ee9,103
fb87ee5a3,46
34c97f64c,10
470697d01,49
62c459f66,93
61f237fa5,50
38765c6bd,103
e207a9c22,49
a7464ddab,0
2b7cf3253,14
9fc4a402d,70
6c925a18a,89
910b97274,74
7eb7812ba,4
154f5a75b,4
92debc194,77
f337de2b3,94
cad0e063f,73
e2fdce920,4
0542511ad,4
8ec1ab770,103
dfb5140d1,13
c7dad9e04,48
cac40db60,20
dfbb8c112,90
1c5dacd9f,69
0950aa4c0,14
4fd8099de,102
5d0017929,91
3b2fe5739,25
53d90c2cf,72
f096291b7,67
0313e231a,47
c615baaa2,92
d907ca7c0,13
eaa8b622b,74
ed4b21055,13
2acaabdf6,4
1e71b66ad,58
d853b843c,41
725611911,40
0eb530d0d,102
778808485,33
c0f132f35,102
0497c3265,39
b1d61c023,67
3edd04c83,58
6aefb94a6,18
ec53bc088,43
6a1f788d6,10
34d736b06,4
fb8be9bfa,14
45c6bef70,73
34aceeacc,40
04721ef43,53
b7aca2c8a,0
465acfa7f,103
fd168583e,4
884593f79,70
68c50e34a,4
58c271df1,68
3eee745a9,48
557117401,73
97b161e96,67
1c64ecac8,69
d5e054427,102
a0add49a2,13
dd102e397,103
88a7e7bcc,88
9f392cb03,74
1e26604ea,21
dd14b70c4,102
b94381f7b,4
9b8345ded,0
02821f581,103
3b71397a9,50
0555a95db,4
27aa48f60,102
906121480,102
49add67af,80
b0b810f90,47
2103e7549,90
d0ee253f0,67
f1f288bd8,4
cac4474ff,24
93e1b1b57,103
cd3c07f1e,53
4884ed7c2,52
0ef6a4923,14
1bf635fcd,103
f05894941,5
52592a2ab,14
e09c2b70d,35
27455ebf9,18
015a601e3,15
45bd6ecd8,101
bda7820cb,49
8d44b6bfe,79
d56664e9d,74
2482d97e4,51
977ebbfb9,103
76dd2577e,93
46ccb6bd3,67
79c44e828,103
97ddeaac9,93
2daf558c1,12
a7855a3e3,103
54f09b0b4,13
8d5494b6f,49
9935f0510,96
053198ea7,4
cf787b891,29
f0a786428,0
e3069605c,10
2861b1d79,58
e611f94be,4
f0f2f3e0b,4
edf6883b2,44
42f3a0c03,13
79272fffe,74
2bf06cd03,4
63eb884ce,54
a3355967c,48
5fff5ccb0,41
98de1be5f,4
63a4aed70,50
ae331a500,46
f33705a47,4
c34f2139f,50
81bb11926,11
ff30e8b96,26
29040ce6b,4
e34bf0fa4,48
b9b88996b,94
ecf751fe5,50
9aa0562f3,102
c46f7eba8,18
bd4976820,4
bed5ebc31,84
14b62edb7,103
18c7b92b8,83
696a13525,53
03536aa93,45
302e11bd2,23
37885d3c0,13
5eb03fbd3,67
f9c4254e7,14
7c9f01509,4
fea3b6b40,13
280b71230,49
9ed93a956,102
543a799bf,59
a2f66236c,43
f7da480ea,53
5285b9c84,0
8e6591362,21
6c9aa2460,71
1d24f052a,10
d8346f57e,71
4546ad0cd,38
e80ddeb7a,90
3dba2c4ed,22
3875d3601,40
ba4caa600,48
c17b6ab8f,17
06d517e80,82
db789a901,4
4c039d563,103
c1e39ffe4,4
9e7a1bca6,70
67556ec2a,49
28c5b096e,97
f468cfed1,67
f48aad6a7,4
c80ef2e31,80
141fe61d6,9
857250508,50
5a33a8adb,0
17ec6d74f,82
c476f6495,103
764a3885f,74
d01453352,68
f7ec97ce1,93
d7d655c8d,14
2e78d7d23,24
846099053,93
ac8d33b0e,103
f8933e5d2,47
a2d7f197c,103
abed810c6,94
d34eabf31,67
26914358f,102
b74047d71,85
393b7dc05,48
149d11de6,53
151b27a24,67
031a7c19c,50
4a14dd513,67
439c8664a,43
d47eedb46,84
41eb38ad4,59
a249400b4,103
98e101a61,103
d828c217b,77
f83f81e9c,102
674e50421,50
79c1a3d97,73
0c288213f,79
23a5ec48b,98
eba77622f,71
33fd32684,49
0aebb315e,102
39e40cdd6,4
fc4486b5e,103
e696c6605,13
364e07591,21
d81994ed2,79
688759258,4
471609fe8,53
b2982bed5,103
a1dfe6e17,103
ac79edae6,23
2873bf12a,4
eb5ed44cb,64
6fbdee8bb,51
68cd38577,74
33332272e,103
613831ee6,4
392443fe6,12
0b2640e87,102
ab35917f7,67
34438649b,35
e87044bc2,12
f35bba490,17
863e8afa4,103
70077ecb9,56
ed7123e07,102
76c56dda7,51
2fafd906d,81
755794886,102
37377ab6b,53
0a4ddf5c2,72
f92ea03e2,64
023520fc4,48
333beeeb9,48
b45121ff1,48
16f9971d1,48
658b73453,49
e9a2109c0,53
ae62dc8b0,7
a5d301249,74
e78504c82,48
4bf7df629,14
dd20b2594,62
ad82ed1ea,94
bd9cf6b4e,4
4eac8e323,72
65ad21fda,56
4c0a72203,24
4c613566a,93
8b31b6453,102
b04f7be54,24
e394b0931,76
1c35c04a8,53
fc7c304b6,9
8919d694f,102
b6eb04bf0,50
88de21f46,55
36c06efe6,51
3526d7815,103
8a952300f,50
832b85df9,67
be7a473f4,45
1abc6d06e,73
d5d2c10fb,55
760a844a4,27
ea86d7b46,72
80c9bb328,4
4591d2725,0
801d0d3c3,67
f351a6e43,102
8cb48a7e4,43
a666bcc36,10
165766e9b,10
5a5cc97ec,19
77b8cd935,70
a078d515d,19
251a8d95d,53
04a069392,4
5453d7402,4
f638bd582,67
8876c6402,13
147e5ef99,52
3ae3126c9,67
b70a1ef51,67
ab905cacc,14
c2a609ae7,103
89c19cf37,67
1f2621b4c,47
a8de792e9,13
5bc1503a0,71
509741eb1,67
4c5a20840,4
a01133fe3,5
14be34092,99
56697962e,47
f7107a3a4,62
fd34d7c8b,68
645e0448d,68
b87d8fec4,13
5413350ec,37
27eb5a7ee,50
be2c310d5,93
94d32655a,93
4cf56a9f2,47
6e7629a9b,81
547815be0,45
f60ba81cc,85
c071b59c2,67
da3a23d4c,49
d3d08e737,32
978697ad4,103
ebc7ae3b0,102
d97675b32,0
33b9d73b8,4
3f3977d40,73
d9004decd,47
57ca642dd,102
0e62ddf15,4
32bd3826f,56
d29cd9c2a,0
5bcf739c3,5
cb9adc4aa,68
0cb8a264e,4
4c1941cfc,53
0993a96fb,45
2c670a497,67
7b89cf590,4
3070a069b,73
15bcf0bc5,79
465f2ddcf,68
745cf5ce0,102
c4e7f3aff,52
3341a6efb,77
30964e186,4
d08be28c6,62
54c0482ce,10
7c3e5c00d,4
496bb2adb,49
855c94fc9,73
89c87633a,91
2213dd7ad,45
7257ec39b,4
5cc793cd8,43
1d3f0519b,48
472c84cce,13
e557fab37,48
ac937c18b,49
2deaeb284,102
0e8760c38,103
e60c3bf54,54
07f8cc8ca,48
c44d85f2f,51
127e61a47,49
4925bf95f,70
1ec665f37,50
fec3fbd0f,81
dbff359cb,4
32d9fa7d1,71
8b7fbfa1a,0
3d0556ab9,8
f9096c83a,103
baa0d1cb2,50
3d814b28f,102
66cfc023a,67
f6f0e3d49,53
873590360,82
d982b80ea,0
da176437c,87
45ad763cc,1
86f5cdedd,103
564305f6f,56
a83db002c,80
97f545d6b,74
8bf87e69c,76
344a190fa,73
656ea8ca7,53
fa434878b,67
31fd82f08,103
2d3c0a80b,103
708c1099c,51
78f5768d9,49
3a19e432f,12
0fedbbf5f,4
9372a8558,80
e7b039312,88
0551c57d5,53
789e0279f,24
77628c813,67
db8b6aeda,103
6a0b33f79,73
08a78ffc3,12
7d7a8baeb,25
aeefaa66b,97
c8b1673ca,67
688223573,57
4f363e9db,68
c652a7499,53
135359fe2,29
524961d31,4
d6ded3726,42
a3fdd2210,50
ef26ad662,12
b6bc88c1f,58
7aa990232,24
f2defaf74,48
e1adf9362,10
9c2f4d9ba,50
4b49bfc87,82
532e6c637,53
2c7ce5049,49
4fdd76274,4
50f72bf43,4
76311e00b,102
74f1c073c,74
3d3dbb521,82
fb8d27d87,80
b8e1080ce,67
983130c4a,102
9efbbd641,68
c92684487,65
2a60639ba,14
fa7866999,48
a86983a99,96
f3e1244ca,46
43382559c,0
27a95ef27,48
70be85fb4,50
bc707c021,77
6b8d9d74d,49
5ea36cf54,36
89f46bec2,103
925de0d45,50
a8b46288f,5
85b7e1897,102
e6171fa85,47
ecf64f4f9,13
6f2bccdac,77
894eeb28d,13
82a37e873,73
af2a02abc,31
9090142e8,72
fb67e5172,53
6581fb5fb,102
503c5b1ab,74
d9d483387,4
232a50a3a,40
9290d73a1,103
8bc85ca8d,10
c2ad42df9,74
ee578c08e,103
624196c26,67
2cf137648,67
8735b4ed7,49
a7046c744,5
75607a399,103
d8f8bccc5,53
665bfe8f5,102
8fd2c007f,14
cf3bba4c2,101
7d5a95675,73
906ed5d8d,10
176afa321,47
7ae791f04,88
434079379,103
2858fae7c,72
4d1ef02af,57
8e7173502,103
6c51e020f,47
3224015a6,67
71d39517b,59
bc4c39336,47
6d789c449,74
147c34f21,39
9a970ddaf,93
b846a9ee6,101
bfdd4162d,76
8ef339ee7,14
ab0af1000,49
7d759eb81,70
e2e81b2c4,103
0f340c3cf,79
97dfe0bfb,67
5d238f402,103
edad0d3ee,4
7fdb2b868,50
cdb8be610,4
b9e513369,49
531165006,103
71525c500,4
12eb5dc94,56
ea0b66dd1,60
805d8722f,80
6b47e8357,42
52178db26,71
c16dd6692,43
600da56b9,12
03edb6308,71
cdbac498f,103
97a7c1e5b,74
1f750d4e6,102
0ac5ebf0e,52
8253629c8,49
d96c3a358,102
cfbc79ec1,67
64027156d,67
7dc21298b,103
1a6b89e31,48
37822e7db,70
5ecc1c8bc,68
15bbc7306,103
0d27bbb79,46
f04b99dcf,74
2461915f8,102
7b1267e49,25
cfe74bfdf,68
5ccfc8dea,68
a1e81894c,67
4cc12b820,9
2afecec3c,46
7514c8182,49
95b5120db,47
87fde6edd,22
a2d9d460e,43
85c2ca274,51
27bf39b00,9
4fe7886e1,50
70d635915,82
e86e2a592,62
deb571149,43
45271b9c5,50
850acae7e,4
27ba808dd,56
2cb2c881e,14
ea41e95b3,93
fc7362a16,67
477aa8655,68
c0654d4f5,69
ed127c922,73
0999994cd,24
8f04c2207,102
20be2b5b5,55
cb8786391,51
a016dd653,49
a4d628083,50
ce028c60d,46
33f20f40b,4
14057210c,49
4e6d9fad8,43
d6143b4d4,4
ecaaa5ac1,49
0a7989f52,47
97a476deb,48
092be0405,102
ad74613c8,10
623b64d19,11
e8a6ceac5,67
42b92a427,63
7ce82e1a4,73
9c0cad204,53
07c0d22bb,102
ad27e607b,102
ebd098414,46
ec55c0f86,4
2618facbd,72
1a40b279c,4
74eb03c19,43
78ccf47e4,49
88735317f,46
b96a82543,103
212081efd,77
bc83dd474,34
dcab7fc67,94
85f3749ca,4
4347196c6,83
ab99925c9,53
a7eb19305,73
a7caedcb0,83
323884b26,82
5f8f53f23,102
a5a71637f,68
29bd0c56d,83
0251a7082,4
114d128ca,48
a35a4626f,102
eaaeacd1c,73
9a3f6c785,74
a05706206,49
5db83d658,103
9416364da,47
cc599caf1,4
4c9f8b6cb,73
79ec6e32a,32
df5a78c3d,67
4c0f2c1ad,45
c210cba33,102
d8f9c9f6f,0
941dde56a,102
7d5126c94,52
5e166be69,82
9dec6e6da,84
2eaf291d2,14
26b07058c,102
055988ad2,14
0b9edd8f9,70
8427d213c,8
de8795ddd,46
7163520df,67
c39bb3b9f,47
92673a9aa,4
f07838a9e,78
93efa8927,67
5b69d3121,73
419424bb9,67
0b25964e1,4
f735fb308,24
ff0e67f2f,48
8b4b27e9e,48
e21d2982a,88
1f21ecd18,4
916ee9985,13
c25141a41,97
bd439cf5e,53
29d87bc0c,5
d01d8d2fd,45
ac63c6d38,29
2c061c902,103
4244d98b7,0
f05946c39,67
0422f8181,9
cddf33a9c,103
9eeefb070,10
5dac2f949,47
8816f311a,52
334df9a32,13
b5f49135b,67
4bd6a1f9a,103
39df767ca,87
6f40daa0e,48
9b9c0e574,103
a66f7bbc6,4
2994ca253,71
197830e87,67
bed5e7833,36
9b7918a64,45
79423d8e8,88
9d56168f2,4
74f238044,4
c28a33596,73
5a4014213,45
563ee45dc,83
7e8b191e8,68
f80c8bbf5,24
86935b0d7,43
fda42498c,4
05071bc4f,102
8745560e0,18
11b0ea314,12
f4f248df9,48
dd8b1aaca,88
157924ece,102
1f00c0495,83
7d540187a,103
3b7c11d3e,103
9ea847197,102
7edbf1ca8,10
e6c9612bf,50
dc370d0dd,99
887fb3ff6,103
0bc95f66e,72
fb3530a46,76
a43f7fc0e,49
a31e545e0,4
953076db7,67
37bd7591f,67
fc3f3fa1f,28
99c05f8d5,56
8cf5bf4df,77
38bc8b746,4
a0d5a99e0,53
c624f43f9,102
8429cc1ab,77
da76579e7,78
e955870c5,45
693fd2ef4,47
a4f827652,13
0a383f1bb,103
2ef28fa69,103
0021f0d33,53
0a825b67a,49
a038cdfb1,103
5ec08d254,72
cd4b41085,58
72b388c16,48
b41a52def,14
ee19b7f65,67
d90f33907,102
b4405e586,67
eeeb6b66a,45
b0d928a20,103
ec15f805f,71
2f1f2d1d0,102
ff67d505e,81
f5277593f,14
dc8dc1ad0,103
e91cb4f98,7
c4727766b,4
95a484b75,66
f3ee3f7ef,103
4d7e7b6cd,76
d6f707315,47
f157a3c6b,49
8dbc94744,41
ddbf2eac2,90
e7661164a,4
dfd946ac8,45
c1f18cb5d,49
500c28291,62
ac1156cb1,88
5eb156e33,103
848c7cfe9,103
58605ff84,102
209e45144,49
e9483b3b2,73
ca2cc5375,4
e635de77c,83
5a68d7893,8
8212b672a,13
8fe41c548,48
f9c5a4820,67
bc45792c0,103
c010973b8,89
3076e7608,7
0e3a60b3f,48
b52c3c500,103
f267d94cc,21
3f3280fd7,67
18fba1554,52
7b437ba4e,9
2dfc47c2c,67
48689d750,58
fd3bba010,62
77f6880d2,102
d9eedd469,48
bfb86b915,88
c1e7e7867,76
2a99b0118,67
58ede4d43,52
50f97c747,48
48f82311a,9
cc6a65411,67
f8aff0cd2,55
77759374e,103
c548ffbe8,4
f68109bb5,12
867374cad,103
7c2f23622,5
840f3bd46,74
18414db75,14
360538bb1,71
d15a4d94c,49
14ad22971,71
57c274565,67
46017b3ea,4
9a6a82b59,17
057cfa1b3,74
c3bab1104,0
bcde05c42,52
25004084c,67
40ded13ea,4
f52f85873,102
5826bc1ee,102
91610e157,13
474219bf8,4
8c8ffc7cf,89
7d33fa1f7,67
0b8333bd9,67
2e211accd,67
c8d684975,29
a3160e2c1,73
790eb61fb,4
5d4d774bb,49
b8f76869d,83
d7c723881,67
467d1a4a4,81
c46b163d8,40
a134c5401,102
46f84af18,98
2dba0571f,0
9a2fe7b99,67
59d5309a8,80
228f748d6,82
c1573a6be,45
5ff30ec8b,71
cc98ccc8d,4
7271d34ab,1
cffa6d1a4,4
a1bd64c5b,102
f2cb54027,10
e5540e0f5,48
9f5dfd81d,103
0f33f1ca9,103
fe40a3dae,83
ec60dee71,53
0510cce3f,103
4f4f5f14e,67
68a81ce4f,18
4646117ab,12
7600dbd87,74
469301bcc,1
67a4a4d91,23
7a9de4b35,67
9edb00dfd,49
e7ec33080,62
5a543e058,49
b9231d9bd,94
282dca22f,47
23c567b03,93
3e1727f79,102
5906e9893,49
f302f29a2,45
bad7b9ba0,49
cb297624d,91
d5ccfad53,49
e00cdee28,53
d83d3fbab,90
e028101c5,14
3cc7863f5,4
60c188245,67
562b2d688,59
fca2f698a,18
0f40f447a,7
a3d606459,49
e0c7c20d8,45
3dd3823ba,14
8d4598be0,48
70d37d23f,80
ecadeb0a2,87
d3cdb9655,102
c77c99cfa,49
27c74d8a8,71
33948db2d,50
71a787fb9,12
22915105d,63
2f8b40852,102
bf9efeb37,67
768bf1fe7,39
8776e1949,49
6ab2a7198,80
86dbae006,52
f35bfd300,45
4d20e5f0e,29
3dc7bb76a,46
085b33a8f,22
97b3e2eb1,16
59265d2fa,103
f26f199fb,17
9d051fef4,50
509965df0,48
5e69e6a8e,10
f97785498,22
3ee4afec0,94
8fc8e6925,42
8d73023b6,48
9d375712a,55
08770c1d1,53
cc446554a,102
405a7d77a,53
fc220624a,18
15409e0d2,4
8b86c4635,48
41163300a,91
06f00d362,50
5a0aa798c,70
687997bb5,91
557900fde,103
034fca563,103
a6ade9e09,28
8fe3eca19,103
9cd366371,52
31dec703e,41
f4fee0e27,42
64a087667,80
14519334a,79
79c33f52d,39
f1b4ba5bf,40
f811b7fa3,70
c9e27d0e3,49
4e7bdb1cb,79
7547be627,53
792982c6c,41
cd88f6d4a,28
54d263a8d,0
ae5333fa6,70
14d3647ae,73
a939e29d9,103
2f36a9903,49
14b239870,49
13166036e,102
9be9e90cd,48
a68286bc6,48
202eabfc4,13
2f4739680,14
a9c9495ff,48
a0f7fea74,64
f9c931893,53
875858dad,4
c8349d602,49
39c56af7c,62
ff264d2db,76
24dddb20c,102
d2e37916f,4
41cbb748c,25
e5b0c4faf,53
829bcc49e,102
44af20a55,88
441f60624,93
e774787e4,57
99617ebe0,23
8257df18f,53
c128b1e28,29
2e3fc37e5,0
7db7456c8,102
347f41bd1,4
ee053208c,43
53cf1033d,102
0087eeefc,89
b2cdea1bc,4
d493e1205,67
5e0e038e0,74
77fbaf59a,64
48b84677d,32
9a1c7e11a,53
7f0c3fad6,4
24aae97eb,73
68caf79b9,4
9b442480c,103
9c8dc2ba1,34
6fcd677ac,13
17c8dae41,72
550290aaa,13
1a2ba059a,11
b8e0b2ee2,102
1ef078208,4
99b639774,72
4ae7d6827,101
6a414839c,28
202b90ad1,49
1d6fbd789,47
e416c112a,74
611876e26,73
5febcda99,102
999be9923,53
cb697da69,94
7a512bfa0,67
043666ac5,49
c25b13b1d,4
38ea80b60,81
a4cd1d43c,67
2118eb37b,91
f36c00407,67
3b6e2c5c2,51
41f6cf7e1,48
adc3d214d,65
7b38952f6,87
be9d52ef0,82
43428f900,80
ec51d8607,73
a68584f39,103
2ddbb0f83,80
e95f725f6,102
2ec1937d2,68
c33ac1a9e,4
67714a8d8,67
15b77ba34,102
1b0a08a16,49
3a1c2ac95,55
32bcd07f0,74
20079ffd6,103
1432b2d26,103
df8c1c48b,56
a2ca3206f,48
21608cb5b,14
50fcaf0ed,103
e752f8dfa,67
37b58af62,12
4a1d07383,48
e0df04630,17
52491f753,103
e34772216,48
f2586d647,51
139aad8b2,96
d25115245,49
2939aa5df,40
a19239dbe,4
50b7b51b8,82
5f3773437,103
d3ccdf536,14
ba23c645d,102
319a4d6d7,77
abc1d37b6,82
6309c0fee,53
ab1d26187,21
5c5a534e3,81
aba2f346f,89
d4350350c,71
ccde3ea45,37
2406dc526,83
c1435ebc0,43
6b57e5a58,103
df723f46d,77
534764190,103
b8ff15213,91
a29efa0f2,53
4e19a3a2f,65
2f2b2a1f9,73
c83f746ac,48
4b4291637,52
2e0dbcfbb,82
40cec32ac,73
fbae2fb1a,49
8f7576edf,4
93f493575,48
61f976a63,77
00856dfa9,74
73356bf2d,29
6115fb1ac,88
78be4d100,14
26806e9cf,87
055ca7ae5,67
2476c4270,9
f028e8401,90
d0a654445,87
70e6b4f07,46
c51ad1704,76
71ee25b79,48
35b89eb8c,73
eb2216bf9,0
4ea7f54f5,91
d82a21bbd,93
b7b3939ca,79
d753dc261,7
fdf61c313,56
b7ff1634e,48
b9bae6b0e,34
6d2e2b6a2,78
a024aee0f,47
1c946e0a0,24
85c40deca,68
5d59f9a69,45
d5f6e40f7,69
da0416b3b,13
56c86b9c0,4
83abaef21,103
bca2de14e,68
bbf51ba25,49
d2927e981,4
baf87d0e3,63
11f448738,63
babf57037,82
1b4beb2ee,102
3daea4675,5
ed0204f22,47
07565a412,1
5b0a35493,10
ebc612beb,102
04a9517b0,77
52dc12639,17
79e573478,88
832e7cf1f,36
0b9afbdf2,67
2f0224a9f,4
42acf797c,71
d3ba42b8a,4
fcc54c894,73
6557acff6,94
39bb94d66,51
23f8fc3d9,48
ead4c9659,67
f58f83775,39
3a6847333,52
f5ce3d423,90
d7c938976,100
5d58d5dfe,68
8a5e6e01a,7
a1b220f98,65
f4cd5efa6,69
c7d865058,48
8168ee82a,79
69e41bdea,49
218ffc7c9,13
adacbebc1,90
eedc4e2f1,102
f6ec8db9e,103
1081dc395,64
684a48f58,68
4f2196c72,102
bd8830a6d,73
61e87e199,73
5de6bcf29,50
6f12632ac,9
fd2bd5f1e,103
52189b48a,49
8e6d1a140,83
a67e861a6,67
97808297d,24
ec68ef123,48
b7f261913,82
d08960735,73
35c39adf1,40
25d63647b,47
e43b134a9,59
13fdfe24d,92
117122b38,72
def4dc802,29
c9db9600e,52
2c302c916,35
40bf06f20,4
75001ddea,56
91433794a,7
1e155978a,0
ebb1d9137,102
bcd68e6b2,31
92782ef45,102
71c381469,47
2ce2f09d3,4
501117624,48
45093c3fd,74
79686d60a,103
d0411902b,67
30eaaa6c9,102
2a9af9154,32
fd3fb66f0,4
08ffacb06,50
fe590ee52,80
a1c8de469,73
8b423a167,62
8d9ce649d,73
58ffca855,73
ca1b7fcd6,69
e8d0e382a,90
ef8f495c8,67
08c3da1cd,72
06631da4c,74
0308348b8,14
e8226fb9c,45
a391d5adc,48
88e754f35,47
179aa8d61,45
51d113f3a,74
084919197,4
b137658ab,4
057d2b6d4,58
ad6d4b44d,88
bac490985,67
6be94f8cf,72
b9fb466af,53
218676c6c,90
7fcbcdc02,5
c76daa7f8,7
2d9284433,49
6a414bfdc,65
a40c5b66d,62
64dba18d7,0
4bf799dba,74
25405d6c9,87
fe6da2049,29
ba49d2dda,102
132212f11,103
6d7b4a632,48
d3ad608e8,83
9409f8d69,88
b82ecce8e,103
24ee77db7,48
68f48e5f5,69
7a6ba7fc8,68
ad60c3571,50
d482c8cf2,71
26844c8f3,77
01597bbec,48
1bbcb152a,83
a7bb097c3,51
6bb4e9d41,48
fc4e189da,4
56e5b72fb,78
656851f72,103
0b9841d58,53
009b39e15,43
288d4365e,51
d30a6e9e5,43
f59c3ad7f,103
a82ca5b13,12
d94097494,52
18ad828b7,69
2a94eba93,73
4f1f1670a,53
6fed43511,67
ce27113a5,73
a6105941f,102
656f4c5dd,77
98a3b2209,53
3d17ca258,91
6aae558ae,80
eae09f119,103
ffccd38bb,71
3ebeb5ac6,36
b79cf00ff,69
2ec187152,16
db4a05f64,53
0b1ddcd93,74
675aad8ff,13
0ac2378b9,74
2194ed33a,81
2f4c11e66,51
151d03177,8
5536e05ee,73
00a7a6244,74
91ed2728b,102
abf65b6e6,90
ba2d603c3,103
3a44b1b54,82
7247cc6b3,68
a546be8e9,83
f1deb3cc1,102
4289422a5,102
da0a25a77,102
143e26686,6
9a6716090,67
74b98cfd0,68
6a3ce1e4f,96
3db6ed179,87
8c0e403af,103
462eb88e2,4
362fbf850,67
d8136729e,80
d228d4fca,102
aaab6a867,44
9ff246fe6,102
7cb5e6b99,50
4f02105f5,56
6db9ae896,67
676bac625,69
d8d27a914,4
a5566ef23,53
a3d8cc563,33
6fb943b8a,103
1b4a28bcb,48
94db73148,40
657464c72,71
bdb501796,4
8b0aa3f7a,45
30e800167,103
36112c4bd,4
4bd5d4982,52
0d3269c35,4
e469820b2,73
d5198c9f6,103
f67795cc5,102
38fdf8c81,80
d9924befc,83
05a32258d,13
5376bd006,10
afbdbbf2b,48
54b444711,21
0befbdd9e,94
61486eb05,60
f9dcd69e3,67
e1a0d5f24,102
a167a159e,50
7273b1c6e,67
a21a2c1b2,29
9f0f27251,102
82a14f17f,102
301054988,49
fe2c0a711,4
c0e30a258,62
5b9de4b19,103
95ab27ba4,67
57abd6d16,56
2cc73c0c9,67
df38bb8b2,28
6cadad337,14
4374d5272,77
dc680460e,45
f29fbbe61,102
c293ccc31,103
2313d0e1c,45
de996c4a9,73
d8a5ce5ff,48
854453303,53
27e7900b8,78
08516fa85,74
e67454090,102
2a608c0db,103
36be47274,64
b57f67883,91
736b7b278,14
9d98f7c9e,28
89fb3d0d3,87
786ac2686,98
386e40044,14
856a55f6b,103
dbb2bf69b,73
e8e62aa32,103
4e4c57892,83
77d850f7e,27
baa258007,25
79cb3514c,102
6820bdfb3,67
a7088bd2f,53
f3c88b910,74
8d6118759,102
14a804b2f,56
7a90903de,73
68e87d794,68
b51c9863e,43
bbce1172c,67
4a03138df,49
7e25fdd6e,50
3b932fbd0,103
eb478b7cb,73
230302d1d,83
070a1abea,49
1aacc5bb7,48
ec53f72bb,33
88621ac35,83
6b9570949,82
f38fe4cef,103
653443f38,10
876b105eb,73
0072f64ea,49
f6c766f77,57
e24d7d290,102
ff5892e0a,102
b48c962e0,25
5fdf59f6f,29
35a08a010,4
a69c80256,48
057112f09,103
22a46a27e,29
894696267,67
f49141ac9,49
2575123f6,67
9b49af313,72
9a55c6f1b,74
380c9c318,32
7cae1c547,55
9ca5d93d0,4
7b151e3d1,73
504e1695d,47
69a8e84ba,102
14ea3ffb9,58
e7d7fec7d,59
e0b80caf4,90
5a83e84af,76
504495975,49
960b40f5f,103
d92a98c89,53
bfefa1d73,43
d1993c898,67
6fcfa47b3,103
61e0f377c,67
38faa7eb9,46
e60d33c82,74
710a380e2,68
fc85dadd3,82
87de4333d,53
bd0d92568,72
f5b855bb6,92
5a74ce4ab,45
c8aa236c5,49
12c03d834,83
8c66b87c8,7
4434ef42e,73
9ca216086,49
35dbda91b,13
acc347bb6,4
69c63b4fd,103
9b7ad01b5,102
0667667be,4
b4f324422,4
064a230b7,102
54b876ff5,56
24d5596ef,103
366fd6686,66
7dcc4ff7e,50
85f57ce0b,103
7ebeaec30,87
233db9b4b,52
2cd58674e,62
8935eaabe,56
e3c7bb70c,68
63ed2755f,49
7d04df1ca,10
f8b87bb44,87
cfe404d71,49
48bf5c6c5,103
09c208a92,67
359625cf3,40
5e84a449b,4
019a2efb9,102
4612e397b,4
fd7cd952e,69
19f37512d,54
a599e44b9,14
64327e651,46
3acfb71f1,27
cce4b16f5,36
997262689,48
5fedd16b9,4
90bb2bf7c,103
e830a4d93,91
4a608f8ad,49
3da1159fc,43
402023b27,90
3303a56a6,45
358530103,67
084527620,76
ce434f86b,71
773cb6978,10
dc5ba9ff5,102
6f0d8372e,52
c245c24bd,59
d0a99b293,67
6ea1e9ac0,82
f2419f856,49
0d0202522,68
a959c7034,14
1a4dc4b2f,103
dac6805a7,93
1f244d315,102
077e33f0c,102
dafe76eea,93
df16e4771,11
435e0f59b,54
9704969a7,4
49f2ca2d6,13
a31b18ea9,74
69af53dca,46
336577848,103
939f715cf,53
25a24e8b6,61
bc4b01a52,97
096e3e1fd,87
6473786a6,103
bad8d3e9f,53
4479a460c,74
eb7854187,47
49f22c2e5,53
d6694bd34,72
7777e7e44,53
d4ae8d14a,47
aa016ddfe,4
9fb9a9e81,13
ce6f860f1,33
26a9dc162,66
ee2886544,53
2b347b559,57
ee6340fc0,49
8e07cbf1b,78
fe9040ec8,67
536842c4b,92
a15f2da3a,44
8005ccb52,15
fac9307e4,102
82c3b7f7b,10
aec93bbc4,53
4b0320af7,18
6e93d8d18,49
a991b14c8,74
9e9f2f914,4
3353b9bda,17
559dc9594,22
9b1d44428,68
c38903943,73
83c2057bc,39
f6fe43282,5
ece8721cd,53
f1184530f,4
2a0a14e04,49
918ea59ba,102
a00b723d8,103
0e4cdf053,12
909b6223b,8
85aeffc62,4
5083ce580,37
0721c0bc0,53
4f49753d3,73
48e65f113,53
a7f5360e0,4
014bc73f0,29
6abab3d7d,45
f0ca69363,102
275fa220b,102
a80f444a2,39
75dbc2c81,48
8b0062584,43
0a5f90dd1,102
babc5e002,67
19b046852,103
53a05f5ad,4
ecd73311b,50
a6db70773,47
48c00c048,88
4a122e0ad,68
b62a1a945,14
24526b077,29
dbe581aa8,8
43ccfd5e2,67
44e4c1b98,67
8a4c6a3e0,11
467025843,53
b9e60ac3b,67
3744d58d1,21
b6fbcbacb,53
3c5f0c3b4,13
d7d866216,83
93f0dd7cc,82
4d8731d6a,103
ba763e4ad,83
0535ccb68,53
e2c4e9c91,27
4fc55f7bb,70
869035e2d,68
29bfe409f,51
50a1849f4,73
e8a1d04f0,103
353d4bd0e,76
f7eede84e,78
6cbca5559,42
8dc5fdc92,67
02073dfee,29
eea95e8a8,103
c72964068,48
5924c5e47,50
515ccfe7d,13
878cb5b42,79
cdedc9d47,72
c78e06bc9,67
7371defc6,43
b9ba7799e,13
4dfdf7a8c,98
d18e36dce,4
931e94184,47
e27e698bf,4
38235ae21,49
f8da03f7a,4
e964c6dcd,21
0e5e79e60,11
911ecfaec,69
3aff0dc0d,4
9dac30b0c,13
69ca9a78b,13
a98070f17,49
d6c7e918e,48
6c1a05ed1,74
3feba0f46,83
abd018788,36
bd3518b92,50
5382ac6d9,47
c5d9914cb,49
15ca2c59d,81
a114ff305,19
2d0752813,45
a19256173,48
202a8996e,83
e283e73fc,67
68039396c,74
c09ec978c,103
8faa5deef,39
8a361b630,80
3dd834459,49
3776f98a8,84
62e32ec91,0
e0f242a92,29
813ba4348,9
c01254e45,87
abf7ceca6,4
462e25ba9,8
3db5a2d90,48
3b9e7a8f5,63
d69a2d62b,53
a3c091760,45
1d73dffbc,67
df23921b2,8
be2773579,14
eecfcfd26,103
5c8d0266e,82
45610320d,7
4863d1e67,85
07d138d01,77
adadd8f7c,80
95c77ab53,73
897e8e24d,53
605131c3a,47
0d4b7df42,71
048596edf,49
369693f04,69
c2d8b52f0,13
2542212f7,73
64a8fad00,67
40752b008,103
492cb82ee,91
74cb419cb,41
464ee7908,67
b70f99706,36
dc2ff7073,94
ceaa96cd6,103
f2d9b993d,90
1fb27e305,3
9d9654afd,13
f55caa50e,12
a7ab2ef02,53
a6e42d0ec,56
5d0b6dc90,49
b078f662b,67
30b7ec090,98
e210dc4ed,103
e1da2a9a7,12
fe195b05f,0
b382faa85,42
7ac6f5ed5,4
8b2940362,67
2adebc1b3,18
6a69a6ae1,73
9ed125a83,49
becdc1364,102
f6f821392,91
ed91bd814,48
abddbf3d0,103
6d8432929,49
bcad89a07,81
9824cd034,48
9de211ea5,9
7dea65fa8,50
f89a5307c,43
5f2c16024,12
6c6ba5d80,103
6c7e15c23,47
b448720a0,49
f16b615a7,62
e72c5d3a9,81
f6d873abc,16
d375ebc76,49
aa070417f,103
9d3f09890,13
f7f45e1d2,40
8a7b93f64,50
ea915b13b,45
27178e6d0,74
6bc102ec4,103
98bb92c1e,103
7748f8039,102
e4e16eb70,4
9d77e8b46,74
329793680,102
85e11330f,43
9e4dee17e,14
797da59fa,4
117aabfd8,29
d062630fd,11
c5d48fbbf,67
1548838d2,48
7fccc20cd,103
754cd2605,49
8b2742145,49
78235a81d,91
6b227f122,25
49f864fe9,79
730d2b0f4,67
48faecd45,77
14453eb64,88
7d3786848,67
a6db0754e,13
6f845c04e,4
0af1026b6,103
100c6474a,43
7668e5204,103
83302ca82,102
9d65f5961,83
ce136eb7d,0
3294f5eb0,24
5e56f69f6,72
5d3f635c6,102
0862d460f,0
ba782cc48,48
1749a6a95,102
a781c6147,102
7adb142c5,49
72b64a25f,31
328aba75f,1
37dea321a,80
1a7463151,65
847ffdf2c,41
4b9e61e38,28
cc0e98f9c,70
814e0e21e,10
1ef2e4de1,4
bfe670846,103
f7019798c,94
c164f8571,97
5d06b5c76,41
0cd2a25e5,76
915159fd1,102
f5c310736,0
75906e681,102
05a947c38,50
e9b9e8a26,49
e8add9fd5,28
8d195e4db,73
4994522d9,53
5eabca233,23
a1a2e7691,46
64144b5a7,80
af51f29c8,65
50c36b121,74
b80e5bddf,67
9cf28dce1,103
7077a94ce,60
3816dac91,73
85c997028,80
459ef45ac,84
186a8ff9c,68
c41a4be65,82
3eba562ed,77
1777595a2,49
68d5dc3c5,99
60711fbc1,55
09c2d54ec,56
6308fe124,68
00c12e4ff,49
e68f95550,83
63bcdd5bd,21
dd9cf65da,0
3fddc8eeb,37
c1f7fad28,53
3a81df4d4,64
d85ac7942,14
33096a299,4
d2dc32c18,73
6bff70a64,73
17118cb89,13
5255b9b6c,26
e98492667,76
381bc1702,102
e6c7eecab,103
e2e8f7c06,80
eaf19ec05,40
45c144250,18
a893581c4,9
77aa8505f,50
278e6c9fc,28
480dbd0cb,102
ba9fa9f30,49
097dde704,63
c9ae3ceea,50
e1d48d997,49
8592e5ece,73
4a41ae5e8,83
a810efddc,58
13d3c108e,77
189976301,67
c92860c63,48
8a8fae985,72
1eba038ad,80
2c54bc2fb,80
25079853b,48
ed1e5c7aa,44
f5a7cbd09,22
656c8e1a0,83
eaeacfabd,0
4adcfb275,53
441472ae6,15
269695569,20
e267693a6,102
64a27fd4c,72
29d710a29,103
91a2ba8ab,10
849e05914,103
2ad78f9c2,48
1ed9fc0aa,52
87827d39e,57
01c633ff1,74
27753debd,4
f21f7aba6,10
757541c30,22
15c5a0a46,28
c36c6ab5a,67
9bf7190d6,67
3dc8e9edf,47
c84ce54d5,7
87b9d4bb4,67
1d808a2d1,91
7e58b251b,8
eb86fad74,4
e2aef08ca,4
8303a6784,102
1989da31f,4
e26d85d35,67
4831ae48a,58
40fe28512,82
75ef86e19,10
f78eecf21,56
23a1a3753,45
c9f640a80,4
cef09a713,0
019df649f,74
0fcde961f,73
a91c62b42,102
55a7e02a2,67
a475599ad,14
a16eb5fa0,103
ec07ab0f1,71
c199140c3,28
e3c6e720d,14
6e045ef23,103
cd86aac5a,4
ad62f8d41,53
d49030919,103
9a6e4aacd,97
08a7d77fa,98
7dd20f99e,85
1adf45393,81
a7fcb3749,29
e45a81eb4,4
a8d7d90ae,67
1ac744f9f,81
be5a25da8,48
a564e4f51,29
c92cdfeb4,14
d06bf1078,102
d1cfb6a0d,28
7725cb554,23
1ff3a322b,103
35e573945,98
4198fad68,55
98dba17d5,10
4c4a8848a,8
fd311eab7,103
22149c3fd,67
5e4a5b406,28
40073bdcc,67
ce17d08ea,82
e345afe29,10
463545278,73
b9b1f27a7,93
5628f5deb,82
046b83571,4
495523f05,28
e39fc5430,36
b67bdf3d5,13
74fdf6cc8,12
ce72a44fe,102
8e1e85931,76
f3b8a1077,73
cad6a0d66,53
d08fafe17,76
9f447b11f,103
529e8c1cc,54
fdc6bab48,48
89e147dd6,102
6fd250f15,103
62eba5d4f,102
fa0d9a392,67
0c4cc8319,13
64f0cfc26,64
ac1af6f95,53
d7388a066,68
8cee8b405,102
0b75f1f48,14
5528db727,47
3522d5b4e,47
4a9e8f7f7,68
d83b8cc1f,96
61b1040d7,47
e7870e8a8,13
fe1857f3f,83
28f0909fc,102
201a74da3,27
121fbeff6,81
bb1e822e8,47
904bafc6c,50
0ae82a090,92
931cd1858,53
dcf4672c6,67
ad34c1f34,64
8a1f6d193,82
f95b41656,53
8304d7230,49
2bb868394,99
36af4c914,4
d08d707db,48
ec7f6d106,102
4bc167a81,4
285e0bc7e,0
9be084d41,21
8918114fb,10
ce71e2dfe,50
7d1005a2c,26
433c9564f,94
60ba7e522,102
b7c02d7c8,102
c4d436848,93
0dd4bac89,103
6a29fea52,74
92b24e585,87
19e95658b,103
d8909ecab,17
6e0843d38,13
da1b9b717,103
4d42fbb18,4
6e3ac91be,49
476283f9c,48
7a2a38d8f,28
26ee00728,82
9b608697d,41
9a4c23eeb,103
01c00d9c8,53
cc9cd7803,0
6201345ad,14
ed087f460,94
334118e8f,0
b57325fc7,53
367f0d3ab,79
4bbb6638f,29
f6820c410,91
485e088fd,49
57a04f0ef,49
bbaef0141,67
822b2880f,102
4d761f97e,71
a76407bf8,74
19bcd7864,20
22c98bd18,72
9b2c62063,9
f0abbb0a3,83
2df00f8e9,9
4e5e899bd,53
911c029b5,24
8a81276fa,14
1a0fb01d4,43
bca8bf0d5,13
0fc65150e,15
ac28e9c47,76
61da47774,73
009216487,48
9cb5c3012,67
a8a7882c3,102
8c026ccfa,74
ae4b7aec3,103
4342207cf,67
3be259713,53
dc7a50dab,77
a0d752238,50
7c856ad41,74
09c8ebae3,22
0c3ae4377,81
8b4182aa1,67
c701bae84,74
8c7c3dbb2,48
3d95467fe,88
7965e86c9,102
15f331c1c,4
024ecc6fb,77
6ba2f9b54,13
47f7fcd87,50
297d94118,71
e8993867e,49
c6bb832b3,0
84fc77fbd,50
b632c0a2e,28
f8db20c1f,73
3a9ac1cd1,49
0a399baa5,4
721e72651,50
9154cfc20,4
4fe029378,102
fb56bcd7d,102
1ca3b1ec9,67
d4a2a2f29,83
407df102a,40
e82201f68,53
110dac9f2,24
98033c300,28
0edbc1625,4
20aea9077,79
a8428cf05,83
a2d5f3e8b,72
2184fa6f2,8
2e21540ac,102
1cdfd8172,68
af8f1a4cb,80
7472f2db4,87
ed55bdf99,45
385906707,48
4208f72ba,103
9fd265646,28
b86044a66,34
59f5594d7,103
1caf8b7dc,47
58df72bc0,8
3ff83ac2a,83
1e8c44cbe,28
909e04f8d,67
79522023e,40
c6774c8ab,7
3070b77cf,55
096df77da,49
88d1747a0,14
0c076890a,4
071eaaad4,90
7089f8683,4
22eaa8132,49
4ff518045,67
d9a8f22b3,49
2c2f59092,99
450d37a38,102
1327f9bd0,53
e079e7ca5,9
996a4ac53,49
ae6e725ee,79
b034c82ce,80
702cf1671,80
5a33b53eb,49
a5c902dab,103
56f6e9dca,67
9a513b251,36
1c4a00029,53
c4970c739,67
57bbb106e,49
522ea009b,102
0dffe81ea,97
6d48de3df,49
8ce0043be,11
260517e44,71
b20b97998,48
bea291a1b,27
36f394d24,63
53cfc6586,82
bc8917394,83
226ff375e,68
99b3a15e5,49
a24932259,4
e2a511303,57
eac0fd0b9,67
b46f208b1,83
a430b437c,67
5ab25460a,14
6162cab31,20
006afe0ef,91
224416fdb,91
cd053695f,29
d314c03fd,47
b5ac11272,74
42a9682a8,24
d96704410,42
fc2f9869f,48
bce577229,102
346182497,49
c2ddc15a6,80
7af25ae57,102
f458034d1,50
ebc1583ce,47
57b0ac4e3,41
47aa985a8,70
c8baf7ea1,90
e72d6bcc9,67
92d062d8d,71
0abb8d338,56
2ccf28e9f,45
b5860475f,68
d5628d4df,8
21a0ef857,24
6ed6b136a,103
052e7f031,67
8695f4633,53
e9564dc47,68
ae6b4c59b,103
bfe43d44a,12
ffcda7d10,49
82fdb1afd,102
6ec67346d,79
5d375ac61,4
5fbdf775d,49
31dae2136,74
337ffc67f,10
155727e57,73
2690d9568,46
8097bc805,76
6a099e4a7,45
ad3eb529c,48
d5888b919,4
12b48d46f,70
c52257cf9,71
a10a0b280,47
9d13c547a,49
654504abb,67
2538e0716,14
d7a64d386,10
49f972c08,74
54cd18535,53
490efc553,77
fb9520cef,93
fbc9ef0f9,62
b364e8688,70
03f8a7638,48
f7457839f,102
66574442d,18
8fe181d94,49
34baaa6cb,101
87ad47626,74
491a37339,16
27dc84ff6,103
18377be3f,83
82c248395,45
a9a93e3a0,9
9b28c9ce7,74
967f27ca5,91
f552eaaed,83
f85f090f3,101
7a011cb30,103
9c73592f0,67
07b2fe99c,53
2dd56f346,69
f87390b13,67
6b8f11ae1,22
8c39d1b41,33
9b3779536,80
5078ff4b8,87
c9efb9d66,49
a44826a0e,53
2b403205a,48
3debf4070,14
0f25f79f8,67
677dcf9b6,83
0502ffb63,51
e8cb185dd,70
35b896087,67
37997c432,49
67fa9ad3f,32
2bddd2904,73
96112131f,49
cd503942f,55
31e5dda95,67
49e871eee,0
67b0d01ea,49
53622739f,48
bea75c9d9,32
be75d9856,67
56e37b524,92
39b18554c,67
bcd08a7dc,85
50c9fd635,49
7ad932a97,91
4fe780b27,50
faa0dd647,76
d0570b30f,88
db53bafc8,56
68b41d014,76
1f2eca93a,72
5d35e5409,82
2d17418c3,96
46d8e8e19,87
994b891a6,53
2e7d74e55,24
504ce2b94,4
9fab84e7c,103
afe70f1d8,87
ad153ca7d,74
4698789b6,70
b8fbf9eca,74
7ba1904a2,74
423c62bbd,93
0543d5d92,103
274f4bd2e,87
7c30e1a81,48
3b6693e00,41
73749e7e2,53
1f3e62b48,8
2bc4dc850,48
82e9c6954,50
8e8259669,103
67dbffd24,45
7b53e5791,83
6c80cfb8c,67
2a0dc41cd,35
4cf1de29a,13
07184caac,102
234f9781c,49
dcb79c93a,69
85312fab3,14
887cceb1f,14
9fe3b171a,61
a007c4ce7,36
32a1d9f65,40
7eed3c569,9
3987e3d8c,74
4ec8b55c7,64
2cb6d8130,67
54281d31a,56
ee3c66211,53
5c6e09f5b,13
98fae1d61,52
4f855f8ce,73
2c4213574,24
50ee680eb,51
648319d0a,102
47f47a868,80
3f7a7e0d8,96
d14901985,4
b7882444e,40
6d16c986c,67
1d9693978,57
3e0dee547,48
5e287a0e3,103
d146e8595,5
6034d93d9,16
6be539abf,71
db65aac8a,10
6ebdc31d7,70
d4c799460,17
681e2b154,93
ddd24583b,83
431a635c0,62
2d611a037,50
a67769dd9,102
6eefb96f0,40
a195eb3f5,67
dd103a297,74
39ceb1ff2,94
acf17fceb,68
d8bfdb6fe,74
b273a1ca7,83
3ed70f179,71
d81fb8241,102
41716e097,49
212497b97,93
c5f7f7fe3,68
a3535e355,53
8e2b5a31b,0
8a66bd5fb,49
20e92f82d,102
99be4bfbc,71
18d41400e,13
a0b262e40,12
7a7c505a8,18
1e73b74aa,4
5eb9825ce,93
f9f196acc,34
657d7b6d3,82
0d8d7ecde,49
ad2e27bb5,9
fcd2cb7e0,49
fc601ec84,103
582dd5eb1,73
2b71757d7,36
2623d36fe,67
4fe65e8ba,49
fb7984b64,89
96109449d,8
49292d94c,49
0d9e342f6,43
378c2a70e,72
30f515f27,0
df88a9d81,53
55e0035e3,50
36a638215,40
80acbf30b,73
53cd52d9a,51
7244c8b3b,94
d6a1ca6e7,21
8c102e395,81
2e8a14696,53
58a01b39d,7
49601a7ba,87
c55a2af2f,4
af6ccfeca,91
a0301d0e5,68
79f507d4d,13
116b7f1b1,67
bb4688502,62
2a5df761d,76
f9618eb56,102
4fa678f28,51
e6c3f8ec8,80
71273ba15,9
abcdf9705,41
8f206287b,48
b9fb3d0cb,29
aa9279a0d,103
05bd91dd4,103
0d613de49,48
a94c4d821,80
6021f47e4,102
691ff0015,87
1e91a06c4,53
2451960a2,25
3c425da53,14
03ac6694b,64
88f6fd6e4,51
51ccfb7c4,82
e3fb7b8e0,10
b4d954bdc,80
e3d055215,24
2f57d711b,4
f1b51e257,83
8e66ce122,62
df89c0568,69
db735ff57,18
04e0d362e,49
8846a7457,4
71c57f5bf,70
c0fb3bed8,19
93b754b97,67
39c5bb98a,82
58f68539c,54
3510270ee,39
3eb77db12,102
28f90d5f0,90
a7c42fdb2,49
a0dbd84e8,103
7b1177392,77
78a777eeb,35
7b63ffb33,49
459adb9c4,72
e9a190503,12
4fd5cd91f,22
fe1fcc972,53
5b8f09d2d,14
842297200,12
d5cd9674d,70
52171b028,73
8128b8af9,48
2013e7b99,10
001e13533,102
25b6d41a2,67
59c2eeeb0,53
ad7707082,48
052f7e154,53
90956475c,50
8f76524a3,96
529f2ee42,77
92d56d30f,73
0d558f91e,67
0315a723c,53
764a98598,102
a1a26657a,50
d50341097,70
8b4dab7c3,69
70cbc35a5,73
41e36fab5,73
05c992976,14
98cb45c72,53
5b3de280c,74
a94695f27,51
d36d163c8,102
91db7053a,78
98cd24c97,4
c7b1fd88a,23
4a3bed1ab,67
149c9e414,103
e826a5f20,83
e33d3b318,36
ba9e33af2,83
9e7925f1b,49
a74852f37,0
1fe3921d9,102
5245d1288,70
7f7c6d039,14
53be7448d,67
7db72601e,67
a155b0167,51
c87d22df3,90
a5ae66568,14
2a499fa40,67
6abdbbd7d,68
306cd2f2b,57
0e9e5a0f0,0
c3ddcd12d,69
fac4230e7,31
c2d849108,82
98320c076,39
de757dbb0,68
8872018f5,21
789e8506b,76
8e412c7e5,49
ef68e319a,4
85d27a16a,53
e799e6e75,4
36c65119a,62
7b6d30721,22
fe214efde,74
5b646246a,43
83b0ea85f,103
e14129a0d,60
0120d37e5,103
6cf4b47c1,76
13fff11ed,70
de9010824,82
04a7a4f50,53
d4afbe85d,13
ce2745e96,102
2a7c1dbf3,4
b25c080d9,102
be82bd09f,4
e269805f6,76
39e73d88c,73
c32f14d9e,67
8d8f3ee47,48
7484473e0,87
410641125,35
7acc72b45,67
8507d1b5e,78
5f15c8bd6,13
d9a466069,73
e6c5fe236,48
b91ced576,73
0c76a33ad,74
ac869f858,77
a81b149d6,49
6463c47d1,53
eb4bacc7c,101
4abbf6ecd,4
c5ab18c87,47
61f07f2d3,48
d37745aae,53
56a33cbaa,53
2a0eb44d2,91
991b607de,80
d7a9e0691,53
6d00d0707,76
d78b3b629,14
b5eb21e9c,77
75d255458,74
90db97153,103
c1c3919f0,13
d470e311a,83
1507fc4a8,49
6016dd857,67
f01658320,67
2ae165ee8,76
cc256396d,50
89f3b6297,53
b3cf1a86f,90
85934f1fd,102
19248ab83,72
d12204c77,20
07b1b8c87,4
320890eb5,10
661307d74,102
2ca0a45cd,26
c90849e35,74
1c0c4fa86,67
624d13949,74
d4e9355ef,4
2bed40346,13
1fadcbda5,103
16ad94559,102
95a6fdac6,50
551f3af3f,102
9d388b6f4,4
ea32570af,13
6143c21f2,73
f56f35811,49
4d14ae692,48
0ec158f7a,101
1711fd57d,68
09cec0e8a,45
8226b3a56,50
6a273ddf9,68
523dfab06,103
3dbd32e8f,83
6c4b066af,4
d702d0c15,41
7af3ecde3,64
c354e0d67,42
fc70a3b37,84
114c7355e,0
4ce9bc001,46
b3411ee1d,49
5817b58d8,62
f42d2d722,47
cecc8c55b,83
c3ae73094,74
e9cf75605,0
c931dc74c,88
841a4bd7b,72
d16d34784,67
a6ad089f9,47
f0f7be744,21
704dfd7e8,67
c8c7e71fb,103
e44de523d,77
e2b90e868,23
1d73e26e9,67
c3bcd37c1,92
f10545931,35
c0e7198e2,58
8d1bc9b54,18
1bff5085b,67
03af10094,14
96d8b0c1d,67
ef6a25c92,13
cb3ba4df2,50
230b4a95d,43
ae2864464,88
38f3a40a5,103
6fe85feee,53
2688f98e3,12
19c5ba9b6,103
a2e477d6f,102
98f62f563,69
82dd63dbb,47
65ad58f26,21
246798d36,0
4e1eb807f,36
2af766509,21
ee83eaa8f,84
cd703e25f,53
c86b6ee78,53
500cf0ed3,9
c548502c7,24
8af7864d3,73
0faa6c65f,97
6f229cb58,4
e9a53e9fa,72
2e1a7e4a8,71
a4541b8d1,67
4a9a2ca92,103
c2915a59d,49
f73a6bda6,71
b30c2d7fb,8
923e37397,103
df17daf47,83
f21ab1aa2,4
505472dd2,48
1d49676bf,48
80d468ca4,25
6c0edcf33,76
95e3375ca,4
01ce7d2df,12
80b87cc06,49
6c1e0dfda,13
f7fe0d522,47
892426d11,23
2c3a35bfd,67
78d30851d,72
4b7b43b7a,80
a9eaae137,74
67e65b379,72
981396649,49
8b293a45c,82
c2d0ff1e1,4
c67446d52,94
0d7c08885,67
1f36484d7,49
bed3cd944,74
f353716f8,77
f8bffd3d7,102
bf85f6b58,0
a8e11ba37,103
afa2ae498,9
0ec8c4296,72
b61f62d90,53
efe50806b,67
e7791dc5d,22
7e517b238,22
69a2f544d,88
3cb2f9e9c,31
6ee6d6c48,53
ef31624e8,82
12fb0107d,102
77f19a3b9,19
832bbc430,4
ec09668c7,12
80e758118,56
78b988645,83
313055a9e,77
ce97c8026,32
fe1615399,83
62e5874bf,14
a5d4584c3,103
f2cfe18dd,71
88ab1aed7,71
9b1b30062,50
cecb3fe1c,4
da9de3c05,77
60a40c037,49
aec05dfaf,67
121fc6463,103
7f3e45975,36
28dd39f92,14
70498b302,93
ad494795d,9
dd88fcaa1,53
d4c0f8a5a,67
bda439192,50
7894b3f5a,47
ae78a372a,48
14a69e3ad,9
01337a0cf,103
358e5478e,13
45a702ee8,62
b12c4cea9,103
db0212bef,14
ab78481b6,103
a51dbb7c5,4
c0825b4f8,74
b0b2364f5,68
061e6510e,67
3b59b7879,76
dba16733f,8
fa53d140b,74
ad9aa2ae2,82
b33fe8ed7,4
2d0832480,62
9e3425ede,4
1e59b9929,37
cc9db3d3f,49
9ed2586ca,4
3f7fa081c,74
0c3928144,8
b2d9ede68,43
c5fda34e8,14
cd27460a9,103
25e5d12e0,67
103a4a0e6,67
d9af9a571,48
21c3d4a53,79
6ab138316,24
39090147b,88
3ad3208cd,103
461f4f5b2,59
3569ab6df,41
62822763a,8
875510d5c,67
9950111eb,67
487a6f05e,9
fd44aaefd,102
bf3116d78,74
25691eb59,74
2eb1d2313,41
c2e2626e4,81
2e494a369,70
9732ad4dc,43
f0727012b,83
b7a815e07,103
72606e8f3,87
0679c1097,67
bcd77e220,5
0bc95b595,4
ce5f6dcef,87
c590e76b2,8
efd7dff01,50
d0bd30dd2,82
7cc60fb22,13
508c39bfa,49
09bc0c309,53
0a90e5cb9,67
c0e0640c6,51
8e298b272,73
4ba2dc197,73
369e356df,28
66cf381b9,72
c2bc296b9,25
ddb15721b,48
acc5f6c4f,44
04cbe7a50,97
2449b5518,73
c49cb046d,29
42ce82871,48
dd33bfef9,68
c8cacb55a,42
fcb500296,83
9c477d377,74
a12ed8ec5,71
64e5e148e,67
e4cac2e07,67
f2a97a3bf,67
7e23f7ad1,37
4b57c7aaa,73
0698ae8e2,94
8756842ba,102
618ded9bc,99
6a69d191c,102
39e216b40,67
19a795eab,83
35cb5e3c3,72
8d2997526,92
0571dcc03,0
b0bde1b03,61
fef9f8524,78
e08032ac1,53
47499b166,52
7f71b69e8,82
d9111ad4b,74
5e6e5030a,56
719e9e88d,74
65b44f1fd,102
7d0e16879,4
839922a66,99
0ea779a14,74
6326ba8d9,72
b23e435d9,73
630ba700c,73
3333af434,80
a670f0c43,51
298ade3a4,49
014809654,93
b57f26c3b,45
337c0f7d7,65
5153e1522,13
5954098e3,81
41ffad9d1,76
da4a55d56,26
1c1daa6da,46
5e2692d15,6
62ea468a3,10
958e9761b,48
3406f987f,54
450dd240e,94
3bccc9014,102
72589c9b2,14
0db15a736,24
3232d6f56,4
b2a96e09a,13
15ef197c6,84
42090e3bb,48
b2684281f,102
20048b328,18
3ef916a55,68
54a9c9512,74
f39ff7ba2,103
a63f52d9e,48
7b6338bee,4
abaee2413,78
cb225cfe6,74
632b5d37e,67
10bd19c33,69
4a5d43a96,9
347c449c8,79
317b22963,90
e8636b839,49
a8ec16428,102
ae8e3af92,29
8fa62ef13,103
32c22cba6,6
28462ed13,14
ceb261e4c,103
140c059f2,102
321437b6c,83
2841a62a6,57
f40dffb83,65
05d03cdb2,4
7f19952d4,64
14e124c03,4
007455d6a,11
6eb8b8e84,34
0fde7a334,74
a51abdf4f,102
d75974136,73
dbc26a259,0
416b038b2,67
dd33d59f9,13
f4feeb150,72
228540138,73
8b2b9d6c0,74
577136af2,46
a22110e6d,49
bd049d019,53
9d4d22004,68
97ccf888c,103
d06adb15c,48
2c79f3a6b,74
46290bd98,13
5689bcc21,56
b547b5949,103
30c74817b,91
32aa8548d,83
9fc9b533d,56
8de4ec677,102
c96004e94,35
1aefb1a74,4
1c8122f7e,87
bcbc0ec93,8
2fe816ce2,13
f37a76430,73
a91e7f455,59
eaa6a3f7f,103
ab218ac50,53
8d4368f5c,0
fec748ff7,49
a794b05cd,102
ddb556ab6,88
6841f21d2,4
063528d00,71
d9268cb57,37
a23d903c3,103
9c1a396f9,87
b882b8bd8,103
39236fa60,74
4b6dff5e4,91
36b0477d7,49
7a538b99e,24
6036f3641,94
3da7e8585,78
916834e2b,67
c779948c7,93
a9cfe91af,79
d82441a6e,90
e1f685853,73
967133383,61
e15365337,74
17d0be640,4
0fa462f68,4
7fe424fe7,4
763b49b1c,71
8f9a206cd,74
352d983b1,5
bfcedb4e7,59
7683668d8,33
a02dbf1a3,21
e8aba010f,74
b3541d83a,80
3e043e76d,40
88f935ebe,73
025c07b54,51
eb6dbc774,8
1a5d9c089,103
961163819,103
d0e21eef7,13
21c09e349,70
bf6653e3f,67
4bc218fab,6
1b4edfea8,14
ca8726968,46
b145fd2da,38
af8b9e043,87
6d711f23b,102
481c58d57,68
4181451b5,40
5ee6cb24d,102
8a5e8c715,27
74bec8798,103
44d4d79f1,53
2072cd9f3,77
339153138,53
52378ff5a,4
ab6404be4,43
d5b001638,102
808071b96,71
30b4b7aea,4
965dfff6a,57
5ec4acbb4,103
1da642ca9,103
ef65f22fb,87
597beba89,10
4afa6c98e,74
23b33fd15,103
e1b63aee0,29
8571d6622,102
308dc8750,64
d495d29df,89
a42065058,103
9faca65ce,50
473db5fc1,102
5ec9553ea,79
9a167fc40,103
6251c33ea,79
f5207be25,67
8965a61bc,76
8af4a8896,91
8d729fb61,28
3beb40bce,7
099a2107d,53
cbbe148a1,93
8ccadcb08,103
3fbe83f91,53
4a2dd1c8f,18
5a5fbb94d,102
147d79f8a,13
34d222c51,74
a853842c0,57
da6f46b28,52
0f58c281a,49
5235c6c53,54
701d4ac2f,24
6ca8991a6,49
e1499d78e,14
affce3819,17
5beab41c5,103
9dcdd11ed,74
2c8f66cc6,48
afd56596f,67
db86084d1,64
f9b3f2991,103
4149127b2,77
68e8b6b9a,102
9989acdc6,103
00450d304,46
3d6f46c76,16
9aea1d3b4,13
7b566ed00,0
afe1e4f66,73
7530384bf,4
d2b357573,43
e95ce8077,73
c54d38d9e,94
1d8ca740a,17
47664da16,102
a73af3677,67
979d4369b,65
452ec84b6,11
58bb4ddb2,67
14fe67e77,74
ad85435d5,67
45a36938c,50
299e1957c,48
81d39b116,100
012f05d4c,67
4dccae9a1,53
c180f1160,80
527da06dd,53
47ac366b7,39
aeb1a52fc,51
b0e07a930,74
1fc614660,49
3cbacf373,103
4c742de40,67
09ddc01cb,103
9a4b0da88,68
465605e5b,65
934072bf5,53
ad77c781f,53
4d0229802,4
88728f169,92
4ed9720ea,53
d12bd1d03,9
72c2a5cb0,26
62a410cbb,83
b8612fa45,74
f10187efa,49
c63f5d38c,79
6896dbe36,100
cc7981c1e,49
79901d55e,59
26b8d61ab,12
3552b2954,51
ada0d1354,59
6e7b8fa3b,81
5a5e8deec,77
cd009e1a0,0
fa19200be,34
bd6862590,47
e16606faf,59
db49060ae,103
b260d939d,53
587e44cea,82
630ddb37f,74
9804741b6,53
5e003d916,102
f0f7de90c,74
0401b69cc,76
6b8989275,103
fd53118ce,77
d4bd9703f,69
aaa580243,82
48b37a43a,4
6d233727e,11
1be394776,49
7b1e459ef,76
38a3caf8b,37
f3e315051,46
c21cd70d4,52
0fd1b5059,67
13452bf5e,7
d9e1e54c4,68
fea37b294,13
cc055150c,73
b1de2b162,4
b3c636639,103
900f1f50a,87
2a0404164,48
9e3ca10fb,73
d782603ae,53
5b9059868,59
65ce506a1,10
24cc36b04,102
e7638c0a5,103
27391414f,103
aff590876,47
83bd193a6,78
06846ff3d,89
95f9e2bd3,13
8a223576f,67
6e60eef45,67
ca19d9909,73
3b3341edb,22
7b7cce651,13
c37a6f3e9,83
a6e0df6f5,4
74d672d39,43
761340c6d,50
3919d8ac5,56
dfff0c929,76
1161f79f4,91
15cb0c24a,4
738989c7d,14
87c39a44d,74
6ef97d18a,76
532c117fc,87
7c3055bc8,73
c3c4ea291,27
50ae0bab4,10
534b7cc36,50
0feb4e2ef,29
41af5743a,64
261838dd1,50
9924275c7,37
967c6bf80,0
706729fd6,74
47e7d602c,74
55f00c851,90
728a12444,6
d66f375db,74
73ff3946d,102
26d1c3498,9
0905820a2,96
c5c1962bb,49
32a2079ff,49
118a60f12,87
029c37998,22
66df2d548,67
7eaff7aff,102
9a8d29f7b,102
0134f018d,35
3f1a86245,90
f441c7185,28
a8331323f,27
30ecc23d5,48
1ca8e07c2,82
dc77fccc8,7
b63c59f86,49
4a9f824f6,4
0aaa84d90,0
85bde49f1,58
18b1c8787,10
a6672b875,29
debf90490,4
b8bfa2b50,13
35e87cd85,52
0b3c9e1a9,14
b6203cd3a,48
00e3084c1,52
afa3fc6ce,45
ff5fdbd84,67
aa2b95145,92
5227d80bf,0
9da5c57ef,56
111223138,102
8c6fd0ec8,102
91212615a,103
030364f27,47
f62c0973f,67
6dfa10ee9,36
eb0d37eab,13
ac114952e,73
a53fc71a1,47
512aaea7c,102
b78e121dc,14
943eef63e,42
7e53bd3db,45
692cfa850,50
59372c831,103
0bb9c3f30,5
11ce56786,29
700cfcbd2,74
9333ee3f5,82
eefdd0431,54
dc826db21,11
1b54ef9a0,103
a73efac60,81
d4362cb73,103
01f76a519,18
bca706d7b,88
bfdf112fe,89
fe75697b0,4
79c5126ce,4
1f1d99593,60
88d492231,0
250f0fa92,48
1b0d7769d,79
fef2b59d5,103
8f8ba278f,102
6a1072588,68
8967f7f3b,10
3d4a5ad3e,79
f9d24e47a,10
274009fa1,40
c11e44cde,16
36d4c70b5,29
40daf3243,14
62d2aaf89,72
938b2ff4f,49
78bd1cad3,0
aa5c575fd,67
4f8a37fb9,61
53fb48abe,87
0ed9ee6bb,67
dda771b4a,49
ccdbfbc8c,67
b0c7165ba,74
6433f1917,67
fa05f57cd,4
4abe117e7,102
dd9f61326,48
5aafe07bf,4
abb6d81d5,77
e3e51f37a,103
0435e3c70,13
eb71bcdf2,45
efdc65d2f,102
d4bf7a89e,83
6899ceaca,83
be3873f5d,67
034ef87a4,14
7efb877f1,103
871699e5b,49
f21bd29f5,4
6e979324c,93
8a4dedc87,74
26444f504,4
075d6bb86,43
a2b499115,70
2b95366a8,0
f969c00cd,103
064d949d6,67
ba635bb61,9
a0e86b0b1,21
e0098a158,103
18e4061dc,77
6a664ced1,102
d5320553f,83
185f4651e,82
3e4825fb2,102
e1177c121,53
45e6036ff,53
3a391563c,43
f8b20dc7f,49
7abf68943,67
d8076fc39,44
bc08f60aa,102
e6dc466d6,14
8bcc6b0a2,102
8d0b21b05,91
53cc94634,42
436f2b8f1,88
2b8f0ac5d,4
3474e728f,73
aa32d1bac,32
ee6971d20,48
2d64f0901,14
012e26395,50
e291c8794,102
e2372e47a,54
c359190d8,56
f0de6586c,93
5629fc992,73
e66879b66,13
44ad68c26,67
263d09ca7,102
03091fb7a,49
705344bd8,103
cca529347,74
3653292ac,49
84a3027c3,102
fcebd07c5,67
977a23c97,102
dde8d3397,49
42f1496d8,4
55683854c,57
f718d5fff,102
3758eaf1d,21
a534b0f16,83
43ac410fd,103
f92de8523,93
10c508f77,73
a5b6a29c8,59
8fdb0b741,50
48d8779bd,94
8012c6779,0
e94327a54,73
c6492c817,67
088864629,56
4af75b596,67
b8a90ad87,62
d665d6a8c,80
494e86d83,9
54f73d67c,14
abfe5bd86,99
372ad684a,50
e83500196,4
ae78a484f,50
993b3757b,49
f985ee0da,53
f03697dc0,94
5fc2cecce,102
192bbbbda,27
0dd7f1f16,73
99263d818,50
c27d7bff9,102
1153cf999,103
fc354c0c0,77
40eda589a,102
18a0fa20c,50
973cdaffe,5
99c14d554,103
0e5ddc603,67
ade6312b1,4
3231b476a,0
bc53d427f,4
51f6d891d,0
272457fe0,52
0a71ab4c3,50
f99c51769,53
a7d9f1cdf,103
5857637b3,103
c2300272e,47
82fdce8f2,12
f9de43fb7,46
929ac8834,49
ae804f35b,4
11b363237,46
b1066d5b5,65
3e629f05f,72
ccefc605e,73
46241640f,67
ae3a8a68d,13
3081eb3d7,87
6896b5c5a,102
1314201bc,53
2c73bd62a,51
b6cb0c2b8,74
161acbde6,4
5c54f01e3,80
5ff71b40e,13
8c7950b1e,4
501e378f3,79
ffd3661d4,25
47611c7b0,14
8848222b2,83
78dbf0e31,103
e3ce14f38,48
6953f8992,43
33a504d5d,87
bb88f386b,53
bead374cb,57
3cd423fb6,47
1dc234d6d,48
f670aa5ac,36
f0c153cfd,40
60e283191,103
4dfea8574,4
3f5c2bb22,16
78f6357bc,50
597bcc032,83
c63df66ce,28
f78d35dfd,54
8182d588d,7
b71543e42,48
cfcd57260,69
d57064ac3,97
91275fda4,89
bee47a94b,67
146fc86a4,88
edbf64b0b,48
bc2795b7c,48
1c88f1550,67
d98cbb36f,102
4b8fe9f3f,72
c6326ffed,102
2ee9ba725,47
a2b4482dc,45
2406e977f,49
eee191638,74
9c64cb14d,79
edecaff0a,67
805888e57,78
e12b35292,55
7a5dfb158,52
1394e9ef2,103
32863f792,4
974a99cd3,53
7300f20e6,48
240684145,49
89ef3a121,8
07718a208,73
5d56a12d9,12
b15603bdf,4
f5da36491,68
05e218a53,94
343f4db58,67
a086b2043,12
aee5c9b93,47
87020b1ce,102
c3c540406,14
a9855f136,4
c82045295,12
e9471b958,76
2da86b144,79
8228ed988,47
5f84c75f9,7
73d04b4a0,67
63bec561a,4
d35b47e60,0
b5e238431,62
c762253a3,49
c19d02d04,67
77ad23821,83
26a12de02,102
3d44a717d,57
9fcb174b6,53
361e308e0,76
a29fae12a,29
dce29c03a,56
a473f26bc,103
c9a7eae13,74
eeb419776,102
f83823a7e,57
a3119fa46,73
377abf496,76
54a1667e9,21
352a2c45f,43
32b46db46,71
330ca12c5,50
61ff4902a,102
8925b37f8,74
1886b234a,4
26d9a1072,77
b364a9362,14
662f45b2d,4
daa970cd3,67
4cbdaf60c,52
24bc9be2b,90
f77e765b4,14
fee2ad37f,67
9e60a5b0b,103
bce769fa0,13
081ee9650,102
98038f676,76
a3d0ecd9e,102
f7f77acb9,91
3655fe917,73
5da2bfc47,39
54296cd42,88
e2480f460,10
92cf1594a,74
a71e2481c,78
275952360,28
c05075421,102
de4b24dec,87
f7f17ae72,54
49f2b41a5,56
6759ac31a,0
f84be6387,47
6521bc49e,67
546ea2a87,9
815b552f8,9
bdccd8d94,53
50a98363f,74
4e3b3b3cd,4
dfb75caba,102
7cc00d3bf,83
d95bb7f70,46
d2277f8e6,0
b91c00f4b,102
8c59b2b7f,49
4dbc5fc3c,103
086d87731,48
a9a679316,103
79f93fc6d,67
3ad81fa96,45
377240bbd,73
7f01686f7,73
7c23c9246,70
54454ed83,43
785e7d196,49
089c2739f,20
6e74639ff,4
e41a75354,48
7c10f4b8b,76
be007fe7e,83
857a39495,103
9d3360932,9
01cf43e0a,80
311799a0e,48
43b2ec735,67
9d44bd787,4
dfc4c6de0,72
7796dda43,55
c9cb86f46,50
2d6826d81,67
7afc693b8,98
8ab8cb727,12
483a8e2d8,71
d0007cc98,13
4479d35f0,73
8f7dafef1,103
bb15fd515,4
8fc8f357e,10
0a2e4e1f8,68
470847079,76
48526fccb,62
3a3274d90,68
43f34500d,4
d1dacf9dd,91
77a43b493,14
10acd2f2c,102
4b69e4daa,49
68b3481c2,80
c08671252,28
878bf09bf,103
2bec0d2ea,103
d8ca58a4c,36
39dbd326c,47
719a12da9,49
c832cf426,73
e53134336,67
06ad3fc5c,102
a84815a9f,92
2c8b6d457,93
2cdb115b6,14
36a930b87,80
47c4e4fce,49
4a99afdbb,16
dc53769ad,73
aedb03983,82
9011dddde,82
2984c04e1,8
950c30887,18
53f2f97d2,51
de06ff6f7,82
8d5b79bb4,25
adce755bc,10
dbeef740d,81
f34e6c4db,40
eb92d9778,17
2b07811fb,83
878e5d725,53
805e9a7b0,4
547e41140,67
3af4c8105,103
1984a614c,81
7827a1d5b,45
8dbbf9d19,83
48fb56f39,49
e4c0f1e32,103
35aa8898b,102
98ecbe0b3,74
597ea383e,102
e57ba8f31,8
86afbe278,49
fb223c3be,73
d8f1c6f49,72
f2a35c7cd,103
527fe834f,92
2957381ac,13
4f87dd5ae,83
47830a2a1,67
3b8fc5371,52
8024a233d,14
5ed06cc85,47
7327abf40,93
922e45d33,67
b3d9e6b6c,4
b1adced44,48
93178e5ac,102
25b7cecbe,103
1eb8876a9,78
7a8d95cdd,4
75b41a741,103
e1f2ff623,103
4156a2861,76
fb9a6a9b5,67
35659b2ff,67
9d8d9607d,53
c301cdf4a,80
f557afe91,77
7409a08d2,102
e69a97f86,47
9eac41e56,47
c6e5bc142,67
75e80fdfe,67
36c7c4a64,71
9e011c986,8
9256e64b8,53
8664c38e5,21
adca067b9,74
23f960bbc,67
4641d6c81,28
a86d3684a,73
4181595b9,57
35c0567f1,0
64581ef78,102
19f18eb63,55
0f9da9757,67
0ef6541f9,32
a8bf527dd,6
ce6096353,65
e9c5f7cd1,48
e7292df85,4
bea8158b9,72
07f10b39f,70
666d25d39,103
6461cf7f3,28
d5e4303b9,102
974d0a175,60
2f230552c,67
c22e3bf9f,48
f6f80e6cd,42
bcb18c6e4,103
6a3e093a7,103
ae2b1bed4,50
7d58bbc35,73
abf89f144,82
be3a7698e,4
d0b1e24e9,77
a2e59aee8,14
acbe731d1,0
a7e869862,77
92025e489,28
87a338501,100
4ce386ab0,14
bdf131dae,59
925f36b79,28
ff37e4d13,102
f95d4b24c,65
916e18133,49
888fb3305,68
d8749b8dc,43
05ad9d40c,4
e925b2ba5,67
003b89961,49
842be06bb,47
649dd8ff0,14
78c19e86d,49
2d0fa50dd,90
0bf251179,102
97cf2d9a6,103
7d9caf815,96
42fbaf02d,102
c38884c9c,22
240e151af,8
c571990d4,16
cb22250ca,79
353bf092d,81
3b58e0b0b,14
7f7b2c732,82
bdb951b2e,47
84fc267ba,54
36a261537,9
1513105d2,68
71149a63d,67
237fe1fb0,37
96cc54a3b,103
6a881ec8b,17
5f91412c9,1
651d0b2f9,7
b3cc561cf,53
d20e60a1f,71
496eaacf5,59
509570780,4
80ab4469a,102
2a872a9ef,16
d6fba1863,10
087a71f75,45
7cff9aa7b,4
b811b25c9,73
4e8b618c7,48
aa12729de,47
6f81b250e,28
284bb203a,45
8996126cf,77
a12ca9636,90
b2d223ece,48
abd803ecf,49
6c3ecb861,14
6c2ce6d90,48
60e8a1d83,63
d5b91872e,83
8e612d36a,45
12d007adc,91
c337a455d,4
b2004fc1c,48
e80bee440,88
f7890fb5d,71
ed601a04f,13
a334e573b,101
35b87f500,82
7eaa17466,51
200cac2fd,47
67d5e3bf5,17
9b8caede3,51
69ed9d7a3,68
2a40c5664,91
630773b7f,69
39902d722,102
73092f468,51
98077910f,91
a048044c1,102
d9e7e7723,45
d5766b84a,4
b764d3dd7,73
d97215599,13
940485a6a,103
317c8b0f1,4
f4c3dcb09,103
c20b4c81f,18
06291a920,18
aa6a6c73d,67
3c4dd2705,80
37771fa98,66
1ffdf0d9b,62
e5eca71e3,81
12c738d87,73
455c7b67d,50
8e2bff6c6,48
5fccfc9b5,77
437e2a9cf,102
cfdf97182,102
32d710e55,78
2557c29c7,68
801b2e0b5,42
e68ff576e,103
376134aea,49
3dff55658,81
bbe2e7c64,51
c82e8a869,4
6f09acc36,27
1f342e690,103
a622a8c05,83
4b86a4171,67
10101e982,67
f99cc22d6,4
d92df455f,102
2a8131dc4,18
cf86bf7e0,103
5567bcd26,49
61f3da6ae,55
241202d64,72
a6ec0a798,53
17c2e1b73,48
34302ff94,4
1a6e886f2,102
ee40fc4e5,50
d390d32c0,4
0dc26fe1b,14
742ca771a,73
a1b4dc452,91
627e5cd5a,19
ac73af09f,1
1162b2c5f,73
6f9686457,53
29fd845c1,28
28fa2b3c8,43
4091cbb29,0
8cf4b952c,87
cea4d818e,73
6066bf3b3,103
1f0642fd4,82
1f673a775,21
155c1e966,41
30d9b6204,91
734fc53fb,69
37fdec841,93
007d156b7,17
00e4f514e,103
eb83e32a8,102
d1a2458d7,67
3f3cfc6e5,103
90bd4a9cf,67
bd2e8c9b0,4
8693ef6b1,5
216703083,45
e2ef28251,8
d09afd3b0,77
4de9ab35b,46
4bfdec3b4,67
c85a1d564,25
f8c41bdad,91
b4aa13520,12
f0fd3d741,10
79cde037e,103
cc16ab1ba,4
33aacd395,47
cc0db3719,48
75e6b445c,24
d0bb3317d,36
8098272f9,68
ecfc076ab,20
07550addf,7
f822afd0d,103
06acca7ac,43
1f42a9439,74
e6135dd8f,27
b84a40e10,39
a8ae0ccc3,31
7ca677dde,67
d70fac2cf,77
f0a66df4c,103
6ecd0b17f,47
2b313ee7c,102
c50ca0af5,10
edc4d0f73,80
792e61b1e,49
b9811a813,96
92c33e670,67
d278a4f7a,48
2655440a4,4
57cd097ae,73
8a693ad10,51
b14b95e77,0
27c1d078f,4
9d7baffae,4
b8bc9b3b2,71
bd1dbe4ca,53
ffb840ebc,103
0875c4f20,88
07aad3ba6,41
34589c202,47
1d145016f,0
aae8b6cb7,102
50a645c94,37
1cb8e917f,14
817ab4ca5,74
eb1ac3552,4
8794f7787,16
5ff5a39ea,73
2d46aba06,73
9e9dda9fe,72
c06c7ca88,46
0d5f19588,102
dabb82074,48
fd6b80e18,5
f563b8f1b,97
fcac5a7e5,12
31750199b,36
ec33a58aa,47
29f4ab45c,102
eb66fce7b,45
b7ad7d574,102
9419289bd,4
885d5d2ef,93
46656822b,73
eeb2d5691,96
f1495d941,67
8d9185540,102
25f594d35,48
1a5872fb5,65
eef64c945,93
2c7a32907,35
c8f0b4717,77
288feaf8f,67
392d70bc1,14
b82ef433b,49
563c9008d,50
ab3210eac,50
69e5888fb,53
1b2d48186,102
e60d19647,79
5607b2020,39
9c3ca26e9,67
d66dec02b,4
de882d4e8,4
523ec62fa,13
8bb630662,70
237c95bc6,13
21d31d208,48
6939eb499,14
1d762bf2b,4
ca53ebc3c,38
7d6a2ef07,10
f9b4d0e4a,12
184b78ad0,67
416e24d42,13
d0661be31,82
ddfb8f27b,34
9360afb8b,24
70ef6d8bc,57
ca9f22cc1,4
116dfb5a5,55
252d840db,67
02378eeef,50
0d97ef626,56
3cade7849,14
41230fe49,49
e203d6713,68
3da7aadde,82
7e5967223,4
1037cd266,53
388606357,74
bfda38c44,48
d23336d37,79
c11fb922f,18
e722a8f86,28
6f509e3dd,50
5193214a6,83
9ba782fba,65
18e22af9d,40
9db94c1aa,79
9e421d059,103
e178e1fbb,67
9d96a6d82,53
ecf4c1f5a,83
cd4179139,4
58dc520a5,34
f1641e325,47
d2dc27a1c,52
2ffc025ec,14
288510b49,102
413305146,10
44c94e8b0,67
60c40b083,49
725cc0c4a,73
6da191d02,53
1c39926e6,103
8e681fe39,28
383ce35cc,28
535695fe2,70
c6baa2b95,55
ce53cea31,72
a8ba067d1,77
37090107a,45
5608c05be,67
07b9edd52,93
4955fcb53,73
1f65738b8,51
563a8d7df,69
b0f2342ea,87
c563c699e,90
2d1ee50cd,68
1a25cc01e,49
e6f327757,50
55c59324a,4
69040ec2c,48
db9c84b18,103
15c1eb33a,45
b8c3f66cf,25
1aebb60d1,1
bd3464591,79
2669b2dde,81
4ba73aa49,4
b1f3717dc,77
6de9b2572,45
21b24a7fd,12
d17ef4e5e,67
3714d19b7,64
67056dfa6,67
efcc34447,48
0cc1eccf5,103
fe7857419,68
d77fa0d2f,8
ddd367d19,4
ac184d84a,87
cbb2dd81a,48
2b9959134,83
943e13c28,47
304631d59,102
4a506053f,4
0b027c740,29
1c30e72d1,73
ce2335977,85
1e8175d27,17
f3c989c3c,26
6e3716497,37
4bfdf517d,80
5155022aa,73
8c0995d82,7
3496823c5,4
35975d1ab,71
226a4258e,50
3d087513e,47
d00342c5d,13
405bb5363,4
488cd2512,73
a9c8ee568,67
61d0998a4,48
4f037af7f,49
b78fc427d,56
386369977,57
410d24f09,102
b5fdbbd19,81
1344e985d,77
088b35ed1,4
d9aa13213,94
0fc91f469,53
8afd1d330,47
754250691,103
1134b4a4b,102
53ef32294,80
d43d8c9d8,50
e576b00a5,21
5ced5d4a8,74
5574a3c79,71
f65475a24,48
345b6fc68,70
8a89d3315,21
9f3fabc70,47
ca2f4b9ce,4
e046fb456,4
26bfb56fa,53
69239f8e7,13
934408cfe,4
6b3b8d49b,57
7eb08a18d,73
8d94bd8b9,102
f029a3429,48
4dde25dfa,7
1972bae11,90
b6ef5389e,74
9e7060f60,77
492569251,88
4df899e46,102
0bb20e5d8,53
067c659b5,103
7c8007f01,40
124b3526c,83
d2ce72fe0,71
b5a739d1d,67
7b38f9919,49
565242c3b,58
ce6b9b704,4
43fdb00da,47
14024c433,71
99e7f0526,14
2382c277f,4
2a69bcce9,4
e44a6c4d1,50
0ce7adbea,39
da0fc52e5,73
e9fc9a217,47
67cc6b5ab,4
0208143a9,53
392d4f5ab,74
dc5498af1,47
1eb6f22d5,48
3e3942656,102
2e4395110,51
8ccdebad5,48
b05b5e5ed,22
1e0d2fb87,59
0e1199571,4
9db76cdc8,80
c987ff810,68
f0efb6c04,73
e8d193a43,35
7b46c52c3,73
166cc9d99,0
319090100,72
7cb07f8df,79
048fe3ca8,4
316c28a80,40
c0edbe84c,74
a1ecb0622,102
6dc1a03ed,90
89bce4769,29
5252bf766,90
4217c1328,89
a2fcedaf7,67
fd33b68d1,67
c83825f6f,72
7677ecd51,4
fd704758e,103
e87c94e9b,41
bd1b3d191,48
58e9042e0,29
98f577627,49
623270c63,62
049402ee8,102
f534d4ae1,76
400b2bbda,41
7cac453ad,71
4565dbe4c,57
0509887de,21
ae61e912f,14
7c1a6e1f0,72
ab254cf0a,47
6e4e60f69,83
4daec49fc,4
990ca8dc7,74
95e7165a3,14
5f0542bfc,13
1fa3035ed,79
ce934c0dc,90
707ccc2fb,90
6a63a8764,73
52eae9528,28
fcb1d086a,82
aa063d915,67
62a7c181d,73
07f85cd68,71
0cbc27679,102
33b3a9955,4
20a48922b,102
7beeb67c3,47
4a6513e63,49
0e6c034cd,3
20cbfadeb,49
ca3dd51e6,48
a9f0935ed,49
9ddb372cd,74
3d99a3247,102
f2c6cb2b4,102
9390e29ac,47
667c3c161,99
4bfdc5664,103
2f460d807,4
0e538051c,103
1f8e21c54,49
d615fd16c,49
721301e6b,8
a8338c626,102
ee2b50aed,22
bf679c82f,9
440daa96f,54
d415cf45d,103
72e6df7f4,62
fa1a492ed,102
374452b3b,8
b24b4ecc1,79
9aa2210df,46
630d3e7b9,4
d39e4ad87,103
b631d859f,29
c90a12d27,7
db0c2006b,28
57ff5b255,0
946f97527,103
991108b09,0
4383d6782,61
57b85fec4,22
4028851f0,100
2d8c06a3a,0
11bc7f078,102
a78af18b7,67
9dfc925a1,80
f9eb9c412,4
96993f959,67
17f8af701,68
f69355cc5,18
56a02070d,50
83f7c30e9,67
ce5af8fc3,102
902b5770f,103
e6223db31,7
c3432750a,4
720920606,87
d14992eb2,72
55a2149cb,47
65d14bd99,68
af5e2bbd4,45
adad9bef9,93
e7bda0661,88
a025436a1,5
dd4a193be,9
dd959de66,36
e2cb25f6e,22
c2b3daa2a,25
7ff8d6f85,48
13330e605,55
756c7c9c6,49
31a00d007,28
42e378280,93
3f36f3f32,0
a3a17500a,14
4c184156f,102
f250dd64e,4
4ea1d0d52,53
0713eb9a5,53
9dc89dc6a,0
65c796a0b,48
47f7f9a06,87
36d0c85f4,47
7165bc7ad,19
77767dd21,103
2f75192e2,102
9264502a9,57
ca256fab6,0
5e2125e43,74
a1b523d1e,74
973172c57,102
9a1e64ece,102
97de1dee0,49
3b39970a2,73
b80695478,79
e2194cc70,67
a7b95dad7,103
f7696fbde,13
359c8a8bf,50
8b11c130a,49
c080ec831,45
2b4be937e,12
206696cbf,13
28f52a866,29
23ea06b99,73
db2bf0488,67
02040055f,83
4a5172bd5,91
6bfc6b8f6,71
dd1e506e4,4
fd0121113,102
36da5e9ca,53
af669d8e8,103
f0da19dfd,79
74bb3e711,14
ecdb603e1,67
9fe09edeb,8
7b1773554,59
4efdca978,103
6823dfca4,103
00d32bef1,4
ae9a70845,83
729ac5e06,0
9af5f572d,9
e730f38fa,72
31ee17f77,49
60c0ff1b2,22
f0f03b04d,102
824eae734,70
af7eab8ce,69
8da1e9ab2,89
e5ee0be59,10
624d36ae0,52
55b323b0c,37
40233a112,46
1fb1edaca,51
b09f6318c,91
1b7aef8e8,79
8a81cba04,48
2c009b580,84
5cf823995,87
ab5f64570,13
b738a5ab0,82
2b782bb3f,79
59d1b6146,46
5ed355568,50
f20ae4712,53
53c6c23b1,67
a8740586a,4
1cd461407,1
dd4cb3fbf,39
27f69132b,102
536be8fe7,88
5ba637a6f,73
960cb8c40,102
05c9fcf03,53
787c185b9,83
4e4504ced,94
1b8a45d4d,102
1b6242f80,24
1a5b47e16,4
8988c222e,50
f41d18e37,45
7dc69b4eb,102
f8d2fe6e2,45
c251cfdb5,74
0aa405eec,67
d4ac640c0,102
f00ba69b7,28
53b2da1bf,103
cfdfb9028,91
719aed16d,103
50de80a98,67
3962a6493,48
546744090,49
a256f13ff,67
109a722a1,49
b1296679d,103
4fb19aefd,82
a6732ac2e,68
0c8abe310,9
dd0839e53,102
fb2b2e956,71
8515fa3ea,43
6df282095,4
9428dd133,53
8e8f25c31,87
f41acf49a,10
bf7b19901,7
57d9b8302,4
f509e2cff,0
6182a0538,67
266ae8451,67
b8c5eeb8b,0
94cf9944d,73
cab155898,46
51f607616,14
532160a43,98
4fd1724de,73
090a1154e,42
f2a6cb1f9,97
187ba6ef0,103
d01f39daf,0
e69fde9d7,4
1ba32dd82,70
d3f044336,49
e3bdad3bb,73
b335b5bd7,67
a41d29902,103
49f98b25a,102
9e07d0aad,22
e7f0f1e63,57
c511b01f1,100
5cc2f95e9,90
cdcb45570,73
4abefc989,9
813efb8b3,103
5dcad39ff,47
7f4a2f594,13
211c90566,74
8b7a73f76,53
d55497abb,102
22b20a20f,7
ad06e1507,73
383e2e03e,67
e91e87dd4,48
9167143fd,46
c393d0e16,28
831348989,36
8cd1b6545,24
73654808f,43
24ef54ca8,13
aeaf5ccbb,77
ef591cabd,23
be1b79939,4
59b2a320d,93
95ca52d65,53
2e31631e4,27
d1292ab63,14
a7d70c4de,9
0e1fdb95a,49
033f56581,21
22adafc7d,16
4d0d04ec2,4
0bd70c4ae,94
3d9c51d3d,53
6a22f0ccf,76
fb83a0899,87
a9b1f63d0,4
04d9215b3,4
8eff39ec2,4
63655033a,62
d31f5a836,16
343bdb4b8,76
a8c934e35,4
c93150ab0,88
ac6d42eca,25
8eb564814,70
2f4a6e151,47
d9bc877f9,103
4d5836f7d,0
06c56276e,82
7fad74e0f,28
8b15247f7,49
35372e4f4,103
b80ea5db7,47
20dbff58b,77
c9c4ad186,39
96f729725,50
8175828ef,47
ccf2ec80c,67
183896a90,13
932aeb630,102
f76006728,10
5c2b3adde,71
5d3cac88b,74
dd6301145,55
72d528c13,28
f553000bb,46
d8437a7f7,5
eda07476f,77
e1b3d72dd,39
41a9e2617,4
48490759b,74
60372c4bb,103
e1d159561,93
d1655f52d,13
a45f859f5,87
ea7342d9a,102
3cf641526,0
581ead9fe,72
dbc79f0f4,4
4078e0b39,74
528c13be5,4
02055dd80,67
dbb703916,5
94a240084,33
537f3aa34,2
d16bd1260,82
d90cad151,33
498de5a90,47
6aaaa29e5,53
83e64f32f,46
5de25f69a,67
67ecf7563,102
aaafbe4e9,16
3daf5597b,102
5934fec49,13
0b5c8e646,103
dd754aab9,18
6025abd59,72
63348128c,103
7799eb3ef,48
269d88554,25
8e90cbc5e,56
6e3303932,55
f50873a8c,10
6387659fd,45
b5253f91a,47
f0b002c23,47
a97f64861,16
1b0684dc7,4
e69b66458,56
c62460407,90
7dcf1e590,56
89ea4a518,51
c8c92b3d1,49
f63a9b6fa,52
e3b70ca71,35
2cf6e6419,87
709d4aaac,89
3756769b5,85
aab7f897d,103
5a078c961,94
0c6b189f3,67
db4859b98,17
730cbd08f,73
ef21b581b,70
2a18f7ed4,10
c127de43c,4
351f462dc,73
fbfd9cd87,78
50ff8f2d0,103
3469925a7,0
9caf3507d,46
d8f81ecea,4
250f30059,103
a98328317,14
ad0d1c07b,13
f80f02286,102
ea072301c,63
b108950de,46
609230590,0
70f9d13b9,103
9881c6363,48
f85c3cd52,48
7be2867e1,50
3f36a62d5,98
f5d022470,55
625a9dbf0,102
c07cac3dd,83
fc6fa6753,62
9f2d4991f,53
d5c5cde4d,93
a05c1a9e2,93
9e99e1332,102
42dc18525,83
94a7c5ed2,24
50fe6ebcd,67
94269c190,73
6fd484575,54
2b5d0e5c2,72
bbbc5f9a8,85
f1e71c574,103
d3be0d35d,88
8d2b32b02,53
a1d2cd9b9,73
f4c6d5b0d,56
5e76ba18f,69
7db900a9f,90
b104b01c3,9
7ea4fd1e7,44
84412137d,53
69d14fa3b,37
bfd311430,54
510743b2b,39
945155e8b,13
315d0c65d,53
f1e56842d,98
38c7f43d6,100
a3500e94e,49
bb5a3fd92,7
bba2d82cc,38
eb0a1b58b,57
a388602fe,70
c3f6cd0e0,28
b784d7a07,83
88f8cca3a,53
5ac870ba2,8
f2aefc6cf,93
ed308c95d,71
9b444719b,102
2aba48b93,83
da83fb069,63
544ba8771,103
d503d72f3,10
539e41e9d,67
eb4dbb060,81
0523c9801,67
370c2501b,47
6d260c2c4,70
7d32579d5,103
315a148f3,0
91fae734e,103
b3faa4ebc,82
1446df348,8
5da84086e,58
abac36cc0,103
329581d4d,80
9dfcbdf18,49
6a6689958,41
778c53136,37
ef123cabd,0
6d0419afe,26
7d5d89bf4,56
e46998f4d,102
22cef13f0,69
420e4c39d,73
a7df3f054,53
5a86ac765,13
deb71b934,48
a31f90373,67
4cf202ebb,53
e9294bac5,11
e58b03040,72
f6e02f90d,34
37b17ad81,103
74aaa5e78,5
2309219de,87
c232077ef,103
92ec435fc,14
c8ff3649a,77
1cccba04f,88
f3c3215ff,52
1b0656451,12
d829aea86,49
a16bdddf1,48
750bae291,87
0963e2956,8
c9d5ec522,103
8459de1be,87
c1c9a86db,10
7059b2c59,89
c3a60c66b,72
03e5f5846,46
4f756f230,103
d93bfff1d,67
2c6e87c72,71
9a1d5df73,103
f90aea0fd,103
55603d86c,81
749b744a4,47
c3af619d3,0
ac7c6ce37,12
780f371fd,50
7cdae8d89,4
bf711d50c,56
12fdb3200,9
3b518d13b,82
cfc106ac3,67
4d9a5c0d6,97
c36b30d62,49
94ef8e44e,9
0be01212b,83
0be920d76,31
95d50723d,28
459d3299b,4
4b648670f,103
bd4f8c863,74
536c83e57,4
7cb805a4b,49
c8c88493b,93
df76ddfcc,8
08302b7a3,21
ef9591f3f,45
2e0bc183b,102
217fbb923,50
dca3a0787,36
9dbd813fd,0
df3b6edcf,51
6cc8bfcf1,8
9b9e080c5,102
2178a407e,72
7504b36cf,103
e2567b48c,50
da9ed562f,103
70501f63a,49
9b353319d,103
af8f3cceb,73
e40a71ec4,102
8f215711b,103
cde20b1b5,4
010c5d8fa,47
a7857a9be,53
5dd6b63d9,47
d28fc9f29,67
c4081a31e,68
fe3642b3d,48
c93ecfaeb,73
861f2c9c1,4
47134493d,45
4fc561f03,62
02b01a158,103
eed32e9a6,77
b2d489e27,69
5675c2ee7,71
656a556b0,80
bf195e5c1,48
20e16a0b1,78
ea755b7f6,39
45c11697c,103
1fb364cd2,47
9b40a0513,102
f23084f4b,76
be30d241b,67
6802325de,83
fba0bb7e1,68
7bc968caf,49
1e28c6a4e,41
0c7c4d0a7,4
58ff9dbee,67
1951c5fbe,4
d28273036,74
40c67cca4,47
707178bf0,77
38cf8682d,4
0de25d05e,90
0119427db,17
4f5a0a2a6,67
2e9790332,18
cafd03a2f,102
807ae65c5,47
f18412796,0
56a71117b,78
cebf5375e,74
3c1645928,13
d2e838de1,47
ee58ae806,67
ff1935c29,11
811acf839,11
41ab6b40a,49
6429d59a3,16
885f2eac5,102
e69beeff1,49
f62d1e472,103
dc4338093,24
976379adf,4
4415b68f2,80
7ae85e90f,52
3a1d5b5db,67
99e810fa8,25
82f95de55,67
0186b465f,48
3b79d913d,102
5cd55d54a,0
c0ebfe98e,24
1557e4b6e,102
4a98c96c1,54
db9eca137,12
7a660b9f6,53
86c0fdb4c,82
26f14822a,29
bcc60f666,7
a6c8a28d6,67
54493a1bd,49
f2db90ee7,74
960fe3fd2,48
4e43a75b1,0
fe30ebb03,47
3df11cf29,49
83a004123,4
028852549,102
cd6748273,83
2c05dd6e0,102
cf3047df1,4
6d61341a8,67
6180782c6,53
339430425,51
441c13b73,73
38b929b8d,16
adbd3dcf6,24
8cc1fc2f6,102
abe2e74a6,56
e20191edf,24
6bd4a7ab4,4
a91426ca4,7
b39cc3832,9
6afc9ee54,29
c425cd871,59
ff9c8d8ee,14
d7b1f9c1f,103
408db7399,53
f033adb55,72
fd1ebe8cb,102
e0a96117b,67
c67210c70,4
5bae6010f,56
77a987385,80
a20b7d9fa,68
fb41fa092,22
587e9b784,73
03333ea62,70
1e2c7b899,5
be953b60e,102
a5c3359e5,82
b7a8c231f,48
9a302252a,91
a1eee5a29,72
f796dac32,51
f94013d99,80
68b83ad56,56
9643a628b,4
46d095eda,47
d56f1eaf5,56
4f5abe367,102
1aeda3f6e,103
9c1fca4fe,68
582a4afd0,77
84b6560ee,25
8f7809cb4,74
f50280136,57
bcbb5c787,103
63de51e03,70
bb298dcc5,94
0a63cce73,103
0787857e3,60
c753eb6c0,9
d35565c6c,4
2bf69c9a8,93
092187ff7,4
018353f1c,49
c1d072b0f,83
991294873,48
ab473d0fb,11
e3b9acc43,41
51507f7ff,42
9a879fb6d,4
ad81d29a9,7
2af4172c7,56
70c95a76c,67
5b3739564,76
3d199ab7c,33
1b426a50d,4
c2a426d70,24
c48f8f050,4
7f9351c2d,49
d14a0c9d2,4
8afe59d10,47
33ad24008,45
eaddf667a,54
98b1475af,29
715656abf,4
06006e0c9,47
b32d80296,79
3bef19347,102
2a158f54c,68
1d0cc3798,80
e64905c2f,103
dfceb73a0,18
6fa36a899,83
50749d154,9
7e8d0ab34,48
b7c137651,64
b5fd14fbf,74
1a9d0eae3,48
54dc06c7d,46
282419eda,67
77a6613b2,3
36444082b,52
e7d33e06f,79
5f1a08959,4
16b341509,52
b9eed2baf,74
23620cfdf,51
b10193db4,74
e70be746d,67
42cc20908,18
1559449c3,102
855c5dccd,4
aedab5dc5,74
e237880ca,67
4bf1812c6,67
a8e6d30e2,4
8960bdc5f,82
eb64f3c3f,94
61b28f8bc,63
7605a3733,103
651a0b6cf,103
b687e4bd9,88
733de405f,4
357b3b1d3,58
b0d0e7cd7,59
7e61b7ed2,38
2ce1e0b6a,29
41beb5c12,25
eed177624,67
0a38b5a6f,13
2b5c4fa01,81
93100914a,4
8d60b7464,49
f7ad645eb,5
64c056f47,103
f91c76038,78
8d6c7ae91,73
c1c4b2105,48
b7ad587a2,54
8daf31854,45
f281ef28e,103
35946cce9,0
811add27f,102
56737d31f,67
220b46a44,103
a08ff3c7d,39
c1f89f237,49
29026b0a6,98
c52b1e973,46
68510e311,102
b5422eec0,48
ca875ed6d,0
9009c7887,48
d007caae7,91
914b0e71b,29
b2b7e722d,103
b8741ea9b,100
743c74763,90
b1ab363dd,103
cb02dfd8e,62
a6e627c10,4
3271ed094,68
9dfb86d81,48
f14b84f95,43
84fece524,102
9fe8be4ac,82
96df0c6bc,102
83714b580,45
e42b8cc4b,59
343a80f91,27
ee64fb7d1,10
7d47fa7ba,67
50a98f706,103
c63427eb2,99
73f18defc,93
6adc43d81,74
cf1ad8706,27
3ffde4543,49
8e59ed760,103
b63ea2bf3,79
52dd86f38,64
b241ccc78,0
5fa624040,67
2bc5a1d42,67
df5392f38,103
b9a6f2dab,50
738116e15,102
4a30cdae9,0
6ef0b83d0,103
6366d7061,90
5134a2245,103
6c123c407,82
bd612f053,4
38f6562a3,103
ffe68f250,83
bd8139bb7,4
64a00a8a1,67
fb02c411b,94
b9a264608,90
dc4a5c985,53
8e70982a4,93
517ed388b,67
0d48d68af,73
cd15074d2,0
9d0d80d6d,4
5b3c21bc7,53
ab8add1c1,77
657a4ea19,46
7e3809573,49
690f1dea5,49
eed18198c,21
487fc089f,87
aa4f36f71,77
7dbc5a9f3,103
bce37c882,37
9f905ae2b,51
c3b24720b,18
fdf659ef5,74
a9f3ec5aa,62
57d893ed7,55
d51f2e142,45
4de97f685,59
0501292e5,102
679f13cfe,53
3a9b30bf8,56
4c79f68f0,93
e881c39e6,82
cb3bdf3e7,17
165378703,57
3cf6321ab,0
791899b46,68
e256b0ce1,67
0cf6cceda,19
117551743,87
dacefb140,17
168f633fc,67
81f2fa04d,50
35f0035c1,68
57b90f0d7,76
10f4c026f,65
70e87c482,91
cb1fa5404,49
9ba7dcc7a,91
5ff57970a,13
92be2245d,6
073a72a81,83
ba757db32,73
3aa210981,25
c7acfdba4,53
94bd779c3,53
c6cd3ac47,4
cc99ce5cc,0
2cfc6468e,24
1329c5b4a,27
f1b2738d0,17
19b1f6ed1,82
377c89e04,71
2b4605245,29
35b66a46d,76
3863b7205,49
111581957,9
aad6bc2bb,78
af4873fe3,49
b731c25d6,57
61547bf69,103
2ecf2e9de,67
3bd1136ef,74
894954440,87
c61f34131,102
8556f75dd,101
2212d47f2,53
fbfb8db0b,4
23f7b7a7a,102
30e9b5b6a,102
fa43f67ed,103
ca82d5eb3,103
0394a004e,28
1c5a3287d,68
141ee85b9,10
21191d2da,73
